property_id,fha_loan_id,longitude,latitude,geocoding_accuracy,county,county_fips_code,congressional_district_code,census_tract,municipality_fips,municipality_name,hud_property_name,property_street_address,city,state,zip_code,units,assisted_units,property_category_name,property_manager_name,property_manager_phone,associated_fha_loan_id,initial_endorsement_date,original_mortgage_amount,maturity_date,program_category,program_category_2,loan_units,client_group_name,client_group_type,section_of_act_code,servicing_site_name_loan,geom,geom_webmercator
800645265,026359,-79.8732365242206,40.379320955361806,R,Allegheny,42003,15,42020877895,800236647,Springdale,American Electric Power,105 Marin Ferry,Adrian,PA,40725,307,295,Insured-Subsidized,Sammy Saunders,(412) 461-6014,456231,2003-07-19,126206267,2042-01-22,202/8 NC,None,251,Indv. families - not eld/ handicap	,Family,IVE,OHP,POINT (4495005.447329037 -15457953.202827798),POINT (4495005.447329037 -15457953.202827798)
800549934,555168,-79.75023760888762,40.406423305545374,R,Allegheny,42003,17,42073224916,800662392,Blawnox,Morgan Stanley,1271 Mount Vernon Boulevard,Sahuarita,PA,76012,276,269,Insured-Subsidized,Jamey Glover,(412) 233-5879,785992,1987-08-12,77829676,2034-10-10,223(a)(7) Refi of 223f Nursing/ ICF,None,141,Family & Elderly,Elderly,IXT,OHP,POINT (4498022.467150773 -15380544.223517144),POINT (4498022.467150773 -15380544.223517144)
800360723,584132,-80.04616752001806,40.413126508342664,R,Allegheny,42003,18,42001232178,800860687,Forward,1386 Jerrold Run,113 Pfeiffer Bayou,Danville,PA,56625,125,181,Insured-Subsidized,Chun Ratliff,(412) 603-7843,701514,1994-07-11,148332744,2035-05-15,223(a)(7) Refi of 223f Nursing/ ICF,None,287,Assisted Living Care,Family,IDR,Pittsburgh,POINT (4498768.664272851 -15568375.237790577),POINT (4498768.664272851 -15568375.237790577)
800715780,670107,-79.9482246429853,40.462350978170726,R,Allegheny,42003,13,42089403588,800591604,Pitcairn,695 Dodge Bypass,712 Waller Highway,Redwood City,PA,23522,260,101,Insured-Subsidized,Apolonia Kinney,(412) 818-4169,203121,2022-12-26,113908427,2036-06-29,202/8 SR,None,221,Family & Elderly,Family,GBM,Baltimore,POINT (4504248.307188679 -15505604.56635126),POINT (4504248.307188679 -15505604.56635126)
800562097,352536,-79.94796072707432,40.57219911844878,R,Allegheny,42003,17,42045938068,800654896,Dravosburg,Gap,281 Margrave Pike,Jacksonville Beach,PA,61877,195,532,Insured-Subsidized,Truman Keller,(412) 143-1608,907453,1996-10-13,132342885,2044-12-21,223(a)(7) Refi of 223f ALF,None,79,Assisted Living Care,Family,ZIG,OHP,POINT (4516476.546229021 -15505436.244276436),POINT (4516476.546229021 -15505436.244276436)
800577541,736179,-80.09491818780188,40.42237030441545,R,Allegheny,42003,16,42023325572,800028343,Marshall,Birdwell,938 Lake Merced Hill Terrace,Mineral Wells,PA,85055,408,101,Insured-Subsidized,Vito Lane,(412) 915-9237,823275,1995-08-17,95500097,2062-12-11,223(a)(7) Refi of 223f ALF,None,46,Indv. families - not eld/ handicap	,Family,LHT,Baltimore,POINT (4499797.6789446715 -15599847.347137),POINT (4499797.6789446715 -15599847.347137)
800591790,019811,-80.18138705206339,40.52902859537685,R,Allegheny,42003,13,42073190717,800470665,Dormont,1392 Hayes Manor,707 Brazil Glen,Minneapolis,PA,51664,499,51,Insured-Unsubsidized,Man Mckay,(412) 564-7060,252535,1980-07-29,106281312,2023-04-10,223(a)(7) Refi of 223f ALF,None,216,Indv. families - not eld/ handicap	,Elderly,OLT,OHP,POINT (4511670.825583374 -15656048.419747196),POINT (4511670.825583374 -15656048.419747196)
800786061,781596,-79.91760311291453,40.55303960224215,R,Allegheny,42003,15,42099631322,800074938,Forest Hills,368 Willow Glen,1203 Napier Avenue,Manhattan,PA,38468,489,329,Insured-Unsubsidized,Brady Ochoa,(412) 144-9103,508179,1995-07-23,108794338,2023-05-22,223(a)(7) Refi of 223f Nursing/ ICF,None,191,Indv. families - not eld/ handicap	,Elderly,NJB,Baltimore,POINT (4514343.718641054 -15486103.688531108),POINT (4514343.718641054 -15486103.688531108)
800595472,211770,-79.74179661865573,40.6677409886722,R,Allegheny,42003,12,42040127172,800868895,East Pittsburgh,Facebook,57 China Basin Cove,Norwood,PA,15063,203,343,Insured-Unsubsidized,Samual Yates,(412) 971-9338,825954,2012-08-10,55208827,2049-09-08,202/8 NC,None,237,Indv. families - not eld/ handicap	,Family,PGV,Baltimore,POINT (4527112.218571729 -15375265.663361182),POINT (4527112.218571729 -15375265.663361182)
800098775,744197,-79.93321220219536,40.48259844496658,R,Allegheny,42003,14,42099459273,800985595,Wilkins,AskMeNow,933 France Avenue,West Fargo,PA,19790,463,221,Insured-Unsubsidized,Eliseo Ewing,(412) 827-2668,870788,1990-08-02,68837526,2053-11-08,223(a)(7) Refi of 223f ALF,None,299,Elderly,Family,ATK,Pittsburgh,POINT (4506502.244882248 -15496036.77541832),POINT (4506502.244882248 -15496036.77541832)
800998007,527511,-80.13468667491956,40.42689208182142,R,Allegheny,42003,14,42034279580,800518874,Versailles,720 Bromley Bayou,601 Mckinnon Row,Temecula,PA,29074,144,408,Insured-Unsubsidized,Jaime Terry,(412) 364-3573,405336,2009-05-06,51890621,2061-04-01,202/8 SR,None,256,Elderly,Family,UWZ,Pittsburgh,POINT (4500301.040902984 -15625634.586045047),POINT (4500301.040902984 -15625634.586045047)
800771209,719237,-79.9280108710589,40.38001044161541,R,Allegheny,42003,16,42079973773,800519372,Forest Hills,Gore-Tex,930 Anglo Terrace,Battle Ground,PA,61304,458,120,Insured-Subsidized,Kristian Mueller,(412) 057-5424,009358,1999-08-24,35245739,2029-12-22,202/8 SR,None,278,Elderly,None,DET,Pittsburgh,POINT (4495082.200587697 -15492725.13506109),POINT (4495082.200587697 -15492725.13506109)
800257225,994234,-80.0672798437939,40.61319237014558,R,Allegheny,42003,15,42035145729,800071290,Oakmont,607 Josepha Canyon,578 Freeman Avenue,Garner,PA,65779,392,332,Insured-Subsidized,Kaleigh Cobb,(412) 690-6518,294912,2005-01-07,31026847,2047-09-19,202/8 NC,None,241,Family & Elderly,None,ZIP,Baltimore,POINT (4521039.89413387 -15581986.007285897),POINT (4521039.89413387 -15581986.007285897)
800865707,625181,-79.96196605662624,40.378933563653035,R,Allegheny,42003,14,42047062287,800899871,Jefferson Hills,769 Marlin Junction,180 John F Shelley Crossing,Omaha,PA,55597,171,443,Insured-Unsubsidized,Cuc Vang,(412) 284-2434,892018,2004-11-10,119297010,2044-05-07,202/8 SR,None,174,Family & Elderly,Elderly,TQE,OHP,POINT (4494962.323081279 -15514374.706423264),POINT (4494962.323081279 -15514374.706423264)
800266567,273596,-80.00188112834108,40.48696036740392,R,Allegheny,42003,15,42028183400,800665369,Harrison,AVST,999 Caire Ferry,Prattville,PA,10725,422,195,Insured-Unsubsidized,Norman Fletcher,(412) 960-2718,297072,1998-04-23,7074144,2030-11-02,223(a)(7) Refi of 223f ALF,None,34,Family & Elderly,Elderly,NME,OHP,POINT (4506987.811866852 -15539917.131120073),POINT (4506987.811866852 -15539917.131120073)
800521323,021196,-79.7608804749715,40.474749001756294,R,Allegheny,42003,12,42065111126,800584696,Whitaker,Express Scripts Incorporated,1236 Niantic Mews,Odessa,PA,22386,252,156,Insured-Subsidized,Rodrigo Knapp,(412) 124-1678,295734,2008-05-09,9885634,2029-10-13,223(a)(7) Refi of 223f ALF,None,313,Assisted Living Care,None,XGI,Baltimore,POINT (4505628.448861069 -15387205.85635072),POINT (4505628.448861069 -15387205.85635072)
800020883,893244,-79.82494567471504,40.53555220505335,R,Allegheny,42003,15,42065560188,800995029,Churchill,Honest Air Group,308 Converse Manor,Harker Heights,PA,80774,40,72,Insured-Subsidized,Emmett Reilly,(412) 956-4357,933983,2011-09-16,90500169,2031-11-01,202/8 NC,None,337,Assisted Living Care,None,ZCT,Pittsburgh,POINT (4512397.030490696 -15427451.16190217),POINT (4512397.030490696 -15427451.16190217)
800782322,296747,-80.18173347971761,40.42866448165907,R,Allegheny,42003,14,42041843105,800318951,Pennsbury Village,1300 Merlin Crescent,491 Mclaren Lodge Access Rapids,West Linn,PA,81157,300,328,Insured-Subsidized,Charita Brady,(412) 915-3426,087102,1986-05-17,28254143,2046-01-22,202/8 NC,None,139,Indv. families - not eld/ handicap	,Elderly,MHY,Baltimore,POINT (4500498.343550392 -15656274.567126522),POINT (4500498.343550392 -15656274.567126522)
800041364,516055,-79.98677717161682,40.51193269840581,R,Allegheny,42003,12,42035732621,800368951,Glen Osborne,Platinum Interior Design,321 Loma Vista Mall,Santa Paula,PA,96409,22,322,Insured-Unsubsidized,Willia Petersen,(412) 383-0968,707520,2013-01-25,145133935,2042-09-20,202/8 SR,None,54,Indv. families - not eld/ handicap	,Family,ZGI,Pittsburgh,POINT (4509767.7190379035 -15530239.96736423),POINT (4509767.7190379035 -15530239.96736423)
800401754,816076,-79.8689708231664,40.402529023230855,R,Allegheny,42003,17,42014333119,800411602,East Pittsburgh,Total Network Development,255 Edith Crossing,Turlock,PA,23224,277,360,Insured-Unsubsidized,Drucilla Castillo,(412) 769-5775,836511,1995-03-21,32496173,2055-01-21,223(a)(7) Refi of 223f Nursing/ ICF,None,245,Elderly,Family,UXC,Baltimore,POINT (4497588.957626515 -15455253.06083749),POINT (4497588.957626515 -15455253.06083749)
800652539,319391,-79.95232469789042,40.42343929881727,R,Allegheny,42003,12,42016743564,800451649,Crafton,1215 Kearny Field,136 Dudley Highway,Raleigh,PA,48639,443,506,Insured-Unsubsidized,Donnell Howard,(412) 610-7424,712365,2016-04-22,22332856,2051-01-01,223(a)(7) Refi of 223f ALF,None,317,Indv. families - not eld/ handicap	,Elderly,LZS,Baltimore,POINT (4499916.678857143 -15508220.089058312),POINT (4499916.678857143 -15508220.089058312)
800625135,278952,-80.2140701460499,40.41187027480414,R,Allegheny,42003,14,42066167509,800908851,Jefferson Hills,258 Berkeley Pine,1137 Parker Arcade,Weston,PA,41599,200,504,Insured-Subsidized,Shandra Fulton,(412) 231-7868,842676,1991-06-24,76955150,2050-03-20,223(a)(7) Refi of 223f Nursing/ ICF,None,161,Indv. families - not eld/ handicap	,Elderly,ZLV,OHP,POINT (4498628.820995025 -15677418.75409538),POINT (4498628.820995025 -15677418.75409538)
800594019,502428,-80.06834835687503,40.66306301191671,R,Allegheny,42003,16,42070732734,800251345,Sewickley,Best Buy,1372 Walter U Lum Place,Morton Grove,PA,98275,285,343,Insured-Subsidized,Wonda Barry,(412) 334-9312,795209,1992-03-05,138027314,2026-02-04,202/8 SR,None,175,Elderly,Family,NBK,Baltimore,POINT (4526591.468581365 -15582675.621368665),POINT (4526591.468581365 -15582675.621368665)
800191172,613994,-80.0001222508277,40.338935746596675,R,Allegheny,42003,13,42081569212,800269716,Collier,1229 San Jose Extension,842 Gibb Glen,Agawam,PA,42220,437,357,Insured-Subsidized,Nathan Aguirre,(412) 651-9888,580917,2004-11-18,141191886,2026-03-17,223(a)(7) Refi of 223f ALF,None,343,Indv. families - not eld/ handicap	,Elderly,FDK,Baltimore,POINT (4490509.786453722 -15538789.467314381),POINT (4490509.786453722 -15538789.467314381)
800611169,205462,-79.6899525819893,40.6404561200389,R,Allegheny,42003,17,42041549399,800043304,White Oak,MegaSolutions,349 Alameda Manor,Carpentersville,PA,16388,256,488,Insured-Subsidized,Ross Cabrera,(412) 356-3076,118514,1998-07-02,12996551,2041-09-25,202/8 SR,None,228,Indv. families - not eld/ handicap	,None,RDH,Baltimore,POINT (4524074.880889108 -15342939.014861202),POINT (4524074.880889108 -15342939.014861202)
800554271,741185,-79.80180813013085,40.225526403445535,R,Allegheny,42003,17,42074907423,800567046,Blawnox,Nationwide Insurance,1041 Manseau Trail,Greeley,PA,52774,62,393,Insured-Unsubsidized,Wilburn Benjamin,(412) 679-3627,206494,2010-07-08,16799525,2054-01-21,202/8 NC,None,71,Family & Elderly,Family,PKS,Pittsburgh,POINT (4477885.116122938 -15412887.471605478),POINT (4477885.116122938 -15412887.471605478)
800941133,762584,-80.08377841715857,40.521337058605994,R,Allegheny,42003,13,42088619155,800772834,Hampton,Gentiva Health Services,1100 Beideman Run,Trotwood,PA,84784,470,268,Insured-Unsubsidized,Christene Kramer,(412) 078-6998,381093,1981-11-08,85085353,2044-03-03,223(a)(7) Refi of 223f Nursing/ ICF,None,27,Elderly,Elderly,GXE,Pittsburgh,POINT (4510814.607626625 -15592642.317716984),POINT (4510814.607626625 -15592642.317716984)
800784683,365365,-80.00805657818785,40.43711904139527,R,Allegheny,42003,13,42011184030,800710175,East Deer,Sequoia Voting Systems,245 Recycle Circle,Gresham,PA,40689,314,323,Insured-Unsubsidized,Ching Kane,(412) 500-4992,289637,1998-10-26,96362508,2050-08-18,223(a)(7) Refi of 223f Nursing/ ICF,None,182,Family & Elderly,Elderly,JQQ,Pittsburgh,POINT (4501439.500835109 -15543877.934162505),POINT (4501439.500835109 -15543877.934162505)
800257474,494577,-79.76180612481159,40.597803021421676,R,Allegheny,42003,16,42029239535,800154968,Elizabeth,Powerbod,1083 Mint Viaduct,Hastings,PA,41593,408,27,Insured-Unsubsidized,Roberto Goodwin,(412) 314-8342,543486,2012-11-12,47701627,2040-01-13,202/8 NC,None,155,Indv. families - not eld/ handicap	,None,ZXF,OHP,POINT (4519326.759670284 -15387785.567230254),POINT (4519326.759670284 -15387785.567230254)
800157149,750668,-80.22812655653804,40.432300647057936,R,Allegheny,42003,18,42051092298,800212994,McCandless,Megatronic Mux,520 Sunnyside Street,Auburn Hills,PA,91738,186,510,Insured-Unsubsidized,Cordell Page,(412) 496-1589,987136,2023-07-23,73655030,2041-02-22,223(a)(7) Refi of 223f ALF,None,295,Assisted Living Care,Family,ZUB,Pittsburgh,POINT (4500903.119631035 -15686631.49366887),POINT (4500903.119631035 -15686631.49366887)
800664089,572025,-79.97416144891436,40.26784094449932,R,Allegheny,42003,15,42033659905,800811024,Plum,Quality Merchant Services,1319 Jules Station,Toledo,PA,97626,44,351,Insured-Unsubsidized,Rachal Humphrey,(412) 687-9760,067050,2015-08-03,140948887,2036-03-08,202/8 NC,None,5,Family & Elderly,Family,ORN,Baltimore,POINT (4482595.549286197 -15522168.092297798),POINT (4482595.549286197 -15522168.092297798)
800503481,064288,-80.00694365165617,40.324136500406645,R,Allegheny,42003,17,42055595576,800934255,Robinson,841 Signal Bypass,102 Larch Alley,Trotwood,PA,05763,316,171,Insured-Subsidized,Dorthey Richardson,(412) 714-3754,798293,2013-12-26,142079083,2063-08-26,202/8 NC,None,235,Elderly,Elderly,QGC,OHP,POINT (4488862.341903725 -15543163.947642159),POINT (4488862.341903725 -15543163.947642159)
800084362,094360,-79.97733023825667,40.56365974239552,R,Allegheny,42003,14,42046615361,800724492,Swissvale,761 Guy Field,893 Payson Drive,Statesboro,PA,67463,470,540,Insured-Unsubsidized,Perry Mckenzie,(412) 597-5446,811976,2012-03-27,126529191,2047-01-02,202/8 NC,None,67,Family & Elderly,None,EHF,Pittsburgh,POINT (4515525.94723508 -15524194.622191612),POINT (4515525.94723508 -15524194.622191612)
800624376,811816,-79.97829138566654,40.6240699856557,R,Allegheny,42003,18,42038916642,800485624,Fawn,Belle Ladi,396 Rosella Avenue,Temple City,PA,42774,197,400,Insured-Subsidized,Elmo Wilder,(412) 368-3389,483100,1981-06-08,70680432,2055-11-19,202/8 NC,None,308,Elderly,Elderly,VBR,Pittsburgh,POINT (4522250.784753501 -15524809.428337868),POINT (4522250.784753501 -15524809.428337868)
800833431,932320,-80.08004240648964,40.587153921958034,R,Allegheny,42003,18,42034542943,800122315,Jefferson Hills,270 Lexington Road,263 Watchman Grove,Golden,PA,48956,18,301,Insured-Unsubsidized,Olevia Norris,(412) 694-4882,555274,2000-08-21,70775585,2028-07-14,202/8 NC,None,311,Elderly,Family,UZS,Pittsburgh,POINT (4518141.307340585 -15590227.71868832),POINT (4518141.307340585 -15590227.71868832)
800689280,361248,-80.0265460879865,40.37729187767655,R,Allegheny,42003,14,42092006944,800393444,South Park,The Vanguard Group,757 Seventh Rapids,Neenah,PA,99043,496,150,Insured-Unsubsidized,Jasper Preston,(412) 782-7960,681855,2001-06-17,58296526,2048-03-10,202/8 NC,None,32,Indv. families - not eld/ handicap	,Family,FPW,OHP,POINT (4494779.571434334 -15555751.21940585),POINT (4494779.571434334 -15555751.21940585)
800164702,781430,-80.04333990470879,40.65833981643139,R,Allegheny,42003,12,42030521726,800013463,Indiana,348 Ridgewood Ranch,59 Onique Grove,St. Paul,PA,52287,17,412,Insured-Subsidized,Lucas Cooley,(412) 807-6999,632853,2022-12-10,25443978,2057-06-03,202/8 NC,None,326,Family & Elderly,None,EDK,OHP,POINT (4526065.684865023 -15566554.490935825),POINT (4526065.684865023 -15566554.490935825)
800908981,073530,-79.90161808433255,40.36195467172434,R,Allegheny,42003,18,42019236184,800333465,Haysville,1039 Wattson Shore,277 Fremont Place,South Portland,PA,90665,422,104,Insured-Unsubsidized,Long Sawyer,(412) 092-4901,522085,1996-02-14,47265674,2029-10-23,223(a)(7) Refi of 223f Nursing/ ICF,None,128,Family & Elderly,Family,KBL,Baltimore,POINT (4493072.2414775435 -15475947.127459561),POINT (4493072.2414775435 -15475947.127459561)
800749725,850284,-79.92004083615879,40.44141369759499,R,Allegheny,42003,18,42096281874,800944642,Glassport,1177 Oreilly Pike,1035 Brown Grove,Huntley,PA,71226,283,468,Insured-Subsidized,Roderick Mercado,(412) 449-0379,717237,2020-02-29,92545548,2026-06-28,223(a)(7) Refi of 223f Nursing/ ICF,None,34,Assisted Living Care,Family,DXV,Pittsburgh,POINT (4501917.579776393 -15487653.968424503),POINT (4501917.579776393 -15487653.968424503)
800911910,672218,-80.1293841677594,40.452711192284305,R,Allegheny,42003,13,42033631608,800444776,Pennsbury Village,319 Fillmore Heights,647 Gonzalez Plaza,Little Elm,PA,89818,71,42,Insured-Unsubsidized,Adam Sharp,(412) 921-8752,834372,1987-09-06,79554381,2061-01-13,202/8 SR,None,74,Indv. families - not eld/ handicap	,None,BJE,OHP,POINT (4503175.211132447 -15622190.31979176),POINT (4503175.211132447 -15622190.31979176)
800972180,968524,-79.83872612580342,40.368018397667406,R,Allegheny,42003,18,42090238873,800265355,Findlay,741 Agnon Bridge,898 Manzanita Terrace,San Bruno,PA,28806,104,95,Insured-Unsubsidized,Devona Solis,(412) 076-0791,123099,1995-01-05,102816006,2030-06-02,223(a)(7) Refi of 223f Nursing/ ICF,None,262,Assisted Living Care,Family,CGM,OHP,POINT (4493747.252361835 -15436140.70356663),POINT (4493747.252361835 -15436140.70356663)
800913710,062596,-79.80163771255843,40.42905049730707,R,Allegheny,42003,12,42094873029,800212950,East McKeesport,Modern Architecture Design,503 Vidal Court,Brawley,PA,82103,294,404,Insured-Subsidized,Fausto Hodges,(412) 266-6488,106565,1998-04-12,40642402,2056-03-23,202/8 SR,None,111,Indv. families - not eld/ handicap	,Elderly,MCW,Baltimore,POINT (4500541.3146157665 -15412780.325340956),POINT (4500541.3146157665 -15412780.325340956)
800782049,260992,-80.12835410816106,40.39521265458287,R,Allegheny,42003,13,42022399930,800266052,Richland,1220 Bird Viaduct,596 Mckinley Parkway,Southfield,PA,41684,314,407,Insured-Subsidized,Fabian Bullock,(412) 808-2936,816239,1989-02-28,77444035,2063-03-06,202/8 NC,None,304,Assisted Living Care,Family,GVX,Pittsburgh,POINT (4496774.503194166 -15621521.4526688),POINT (4496774.503194166 -15621521.4526688)
800609981,013992,-79.96616503233308,40.39676011595252,R,Allegheny,42003,14,42053046835,800764906,Pittsburgh,969 Cosgrove Field,810 Harbor Trace,Turlock,PA,86003,472,136,Insured-Subsidized,Kerry Bauer,(412) 524-8105,526946,1981-08-01,53839190,2040-11-18,223(a)(7) Refi of 223f ALF,None,271,Assisted Living Care,Family,HOT,OHP,POINT (4496946.765805857 -15517056.976103006),POINT (4496946.765805857 -15517056.976103006)
800822723,471878,-79.86085826138262,40.28836187899631,R,Allegheny,42003,16,42068227913,800267424,Verona,OPOWER,963 Finley Trace,Nixa,PA,54988,65,307,Insured-Subsidized,Merlene Madden,(412) 615-7862,609538,2002-06-14,106633574,2029-12-23,223(a)(7) Refi of 223f Nursing/ ICF,None,131,Family & Elderly,Elderly,XDD,OHP,POINT (4484879.929265004 -15450121.001105234),POINT (4484879.929265004 -15450121.001105234)
800709852,641047,-79.77862319218941,40.37230550704036,R,Allegheny,42003,14,42061060916,800987415,Wilkinsburg,Bechtel,677 Havens Court,Naples,PA,65483,227,115,Insured-Subsidized,Yuette Meyer,(412) 997-5129,166101,2022-09-12,26194492,2060-07-25,202/8 SR,None,311,Family & Elderly,Elderly,DIN,Pittsburgh,POINT (4494224.491194207 -15398326.705987342),POINT (4494224.491194207 -15398326.705987342)
800138340,015019,-79.80026404129423,40.243165646430704,R,Allegheny,42003,12,42012050440,800961508,Aspinwall,Equifax,285 Pagoda Freeway,Bixby,PA,48679,44,204,Insured-Subsidized,Nicholas Castaneda,(412) 710-5448,983569,1998-02-05,145027626,2042-08-18,202/8 SR,None,265,Indv. families - not eld/ handicap	,Family,TUE,OHP,POINT (4479848.7076700255 -15411916.724720322),POINT (4479848.7076700255 -15411916.724720322)
800436706,547436,-79.96365519646811,40.325835247704646,R,Allegheny,42003,18,42077799175,800110122,Shaler,International Paper,1008 Medau Arcade,New York,PA,46389,181,409,Insured-Unsubsidized,Doloris Holder,(412) 281-5959,480190,1999-07-10,50900615,2036-10-10,223(a)(7) Refi of 223f Nursing/ ICF,None,240,Elderly,None,BGT,Pittsburgh,POINT (4489051.445587924 -15515453.580936177),POINT (4489051.445587924 -15515453.580936177)
800096333,010811,-80.19919354854595,40.54528407264296,R,Allegheny,42003,17,42058481442,800820429,Jefferson Hills,Human Kinetics,411 Arroyo Bayou,Yucca Valley,PA,08467,289,11,Insured-Subsidized,Camelia Alvarez,(412) 246-0969,276318,2018-05-11,85059957,2039-04-06,202/8 NC,None,324,Family & Elderly,None,HCH,OHP,POINT (4513480.37703524 -15667682.71660318),POINT (4513480.37703524 -15667682.71660318)
800623273,484214,-80.09203617710244,40.50252723827995,R,Allegheny,42003,18,42038574075,800565387,Harrison,Gore-Tex,644 May Place,Jacksonville Beach,PA,41242,25,199,Insured-Subsidized,Dan Dawson,(412) 588-3042,239081,2011-05-05,84250923,2042-11-01,202/8 SR,None,35,Elderly,Family,HPF,OHP,POINT (4508720.708006017 -15597982.53873545),POINT (4508720.708006017 -15597982.53873545)
800100657,320749,-80.21908006404676,40.437614218413835,R,Allegheny,42003,13,42091654033,800721332,Rosslyn Farms,421 Eve Street,1379 Healy Turnpike,Orland Park,PA,92779,390,283,Insured-Unsubsidized,Taunya Curtis,(412) 568-9461,850961,2018-09-11,16160292,2024-04-25,223(a)(7) Refi of 223f Nursing/ ICF,None,22,Elderly,None,ATB,Baltimore,POINT (4501494.623688667 -15680700.81044616),POINT (4501494.623688667 -15680700.81044616)
800283871,438054,-79.98097366421776,40.507320519882,R,Allegheny,42003,17,42035957353,800398472,Versailles,228 Ellsworth Heights,123 San Bruno Heights,Hastings,PA,96569,184,514,Insured-Unsubsidized,Devon Clements,(412) 566-8952,868854,2015-04-10,124506852,2038-12-30,202/8 NC,None,247,Family & Elderly,None,HRM,Pittsburgh,POINT (4509254.293673186 -15526525.47945744),POINT (4509254.293673186 -15526525.47945744)
800671083,366280,-80.1183991232562,40.4796921856584,R,Allegheny,42003,17,42049885879,800007703,Braddock,1094 Sacramento Highway,410 Cecilia Shore,Waynesboro,PA,13759,441,109,Insured-Subsidized,Bert Carey,(412) 561-9122,254327,2013-11-12,141095804,2054-04-29,202/8 NC,None,36,Assisted Living Care,Elderly,MKD,Pittsburgh,POINT (4506178.721575948 -15615060.761965271),POINT (4506178.721575948 -15615060.761965271)
800959217,646510,-79.90970749709543,40.49782846935868,R,Allegheny,42003,12,42026284496,800922123,Shaler,1353 Tapia Turnpike,37 Avenue H Garden,Titusville,PA,06903,262,31,Insured-Subsidized,Tobias Rush,(412) 889-7404,785296,2017-03-13,32888620,2029-02-04,202/8 SR,None,177,Indv. families - not eld/ handicap	,Elderly,ASS,OHP,POINT (4508197.643442346 -15481084.985190969),POINT (4508197.643442346 -15481084.985190969)
800105626,879961,-79.98898922093693,40.32491018637432,R,Allegheny,42003,15,42021476024,800887693,Verona,680 Sunnyside Arcade,133 Bliss Expressway,Indianapolis,PA,22028,110,241,Insured-Unsubsidized,Bob Stokes,(412) 919-1862,878557,1990-03-08,111418715,2027-04-25,223(a)(7) Refi of 223f Nursing/ ICF,None,196,Assisted Living Care,Family,AFX,OHP,POINT (4488948.46823168 -15531656.33253444),POINT (4488948.46823168 -15531656.33253444)
800114215,806990,-79.87912188292532,40.50463824732256,R,Allegheny,42003,17,42065881010,800215382,McCandless,Raytheon,1316 Teresita Lake,Albuquerque,PA,44740,60,410,Insured-Unsubsidized,Carolynn Puckett,(412) 390-5883,814278,1997-04-25,149942896,2025-03-21,202/8 NC,None,68,Elderly,None,VJQ,OHP,POINT (4508955.7044577 -15461680.418602906),POINT (4508955.7044577 -15461680.418602906)
800449847,410442,-80.01328027592324,40.36340605155821,R,Allegheny,42003,14,42000822222,800717431,Bethel Park,416 Evans Center,871 Sheldon Lodge,Pleasantville,PA,58397,246,161,Insured-Unsubsidized,Yan Sandoval,(412) 503-8307,085168,1996-12-06,116788185,2060-02-09,202/8 NC,None,79,Indv. families - not eld/ handicap	,Elderly,ROC,Baltimore,POINT (4493233.808341596 -15547230.195663702),POINT (4493233.808341596 -15547230.195663702)
800353120,198029,-79.88249152693396,40.61933975962568,R,Allegheny,42003,16,42017823831,800389405,Robinson,NetDNA,402 Codman Rapids,Mission,PA,96145,166,97,Insured-Unsubsidized,Roosevelt Brady,(412) 464-6836,844271,1991-02-23,65797992,2038-05-28,202/8 SR,None,86,Indv. families - not eld/ handicap	,Family,ENX,Pittsburgh,POINT (4521724.218400503 -15463815.390185686),POINT (4521724.218400503 -15463815.390185686)
800573842,559211,-79.98129776185199,40.65823219514643,R,Allegheny,42003,16,42006909000,800572652,Pitcairn,69 Jones Pike,47 Opalo Pine,Rock Island,PA,12485,72,256,Insured-Unsubsidized,Modesto Knight,(412) 149-1515,821405,1995-04-10,47348874,2027-04-13,202/8 NC,None,3,Family & Elderly,None,NEQ,Pittsburgh,POINT (4526053.704518382 -15526732.859372273),POINT (4526053.704518382 -15526732.859372273)
800500522,387512,-79.97010848374053,40.653649646033436,R,Allegheny,42003,12,42099439260,800780181,Ohara,Creative Wealth Management,1349 Moraga Avenue,Muncie,PA,80065,71,504,Insured-Unsubsidized,Joey Calderon,(412) 494-5106,386546,1994-09-21,60317070,2034-10-19,223(a)(7) Refi of 223f ALF,None,273,Family & Elderly,Family,QTZ,OHP,POINT (4525543.577484588 -15519577.030871293),POINT (4525543.577484588 -15519577.030871293)
800057327,715569,-79.75190862200137,40.64059561210625,R,Allegheny,42003,18,42001542764,800214004,West Deer,New Era Tickets,593 Ecker Boulevard,Eagan,PA,73643,173,87,Insured-Subsidized,Rob Mckee,(412) 901-6359,960228,2015-02-20,43390557,2050-07-03,202/8 SR,None,230,Elderly,Elderly,OAT,Baltimore,POINT (4524090.409075016 -15381589.698909374),POINT (4524090.409075016 -15381589.698909374)
800327597,427114,-79.73904324097023,40.53392664956399,R,Allegheny,42003,14,42092305808,800082231,Emsworth,Control Data Corporation,915 Pinto Street,Saco,PA,08359,229,288,Insured-Subsidized,Shan Hoover,(412) 786-0399,075117,1996-12-28,31956901,2062-09-06,202/8 SR,None,27,Indv. families - not eld/ handicap	,None,EVJ,Pittsburgh,POINT (4512216.074481364 -15373544.772278247),POINT (4512216.074481364 -15373544.772278247)
800433004,398379,-79.78704956001968,40.58804111686246,R,Allegheny,42003,13,42003962335,800862082,Fawn,1075 Venus Route,607 Laidley Road,SeaTac,PA,59909,283,325,Insured-Unsubsidized,Earlean Henderson,(412) 261-3764,361675,2010-01-19,49174910,2030-06-12,223(a)(7) Refi of 223f Nursing/ ICF,None,310,Indv. families - not eld/ handicap	,Family,TKG,Pittsburgh,POINT (4518240.06942558 -15403614.908474913),POINT (4518240.06942558 -15403614.908474913)
800986695,494099,-79.92291242394602,40.39606839515847,R,Allegheny,42003,16,42090685478,800200388,Verona,1168 Exposition Park,1397 Orange Viaduct,Hanover Park,PA,27586,119,538,Insured-Unsubsidized,Nikole Rojas,(412) 879-3912,992965,2021-11-29,116062445,2031-10-09,202/8 NC,None,227,Family & Elderly,Family,IEA,Pittsburgh,POINT (4496869.763799293 -15489480.64226306),POINT (4496869.763799293 -15489480.64226306)
800857938,617638,-79.94819425446256,40.34562369971277,R,Allegheny,42003,12,42090036934,800021168,Moon,1144 Gardener Loop,757 Pino Bypass,St. Peters,PA,36381,261,468,Insured-Unsubsidized,Denny Norris,(412) 757-7001,169898,1992-06-09,93811631,2061-02-13,202/8 NC,None,55,Assisted Living Care,None,WHF,Baltimore,POINT (4491254.285989055 -15505585.18473086),POINT (4491254.285989055 -15505585.18473086)
800350989,863448,-80.14220489607216,40.34984528909934,R,Allegheny,42003,13,42032320392,800371035,Neville,Conseco,52 Sedgewick Annex,Neenah,PA,27501,409,24,Insured-Subsidized,Alvera Pickett,(412) 079-5329,696917,2020-11-23,94141147,2032-05-07,202/8 NC,None,66,Family & Elderly,None,QWB,OHP,POINT (4491724.231169907 -15630521.22194374),POINT (4491724.231169907 -15630521.22194374)
800888888,837831,-79.79271789924147,40.25484451835715,R,Allegheny,42003,14,42012003660,800453667,East McKeesport,1085 Islais Lake,314 Rossi Center,Round Rock,PA,88316,124,428,Insured-Unsubsidized,Clifton Madden,(412) 521-5622,767347,2004-02-24,149020447,2034-08-15,202/8 SR,None,281,Assisted Living Care,None,EMM,Pittsburgh,POINT (4481148.793745918 -15407174.662273673),POINT (4481148.793745918 -15407174.662273673)
800959603,547809,-80.08671616278407,40.59537283237852,R,Allegheny,42003,17,42028831312,800191473,Coraopolis,Network Air,939 Corbin Bypass,Pittsburg,PA,47452,348,137,Insured-Subsidized,Isobel Snyder,(412) 281-1711,355744,1980-03-12,83393242,2034-01-26,223(a)(7) Refi of 223f Nursing/ ICF,None,145,Indv. families - not eld/ handicap	,None,WJY,Baltimore,POINT (4519056.232263469 -15594541.627381805),POINT (4519056.232263469 -15594541.627381805)
800840989,551708,-80.10853227644071,40.64225666338141,R,Allegheny,42003,16,42072383589,800740086,East Pittsburgh,146 Norwich Arcade,900 Juan Bautista Trace,Spring Hill,PA,61718,310,424,Insured-Subsidized,Larry Estes,(412) 747-7186,689675,2019-11-25,144410320,2045-10-14,223(a)(7) Refi of 223f ALF,None,302,Family & Elderly,Elderly,CVS,Baltimore,POINT (4524275.316457149 -15608663.627596341),POINT (4524275.316457149 -15608663.627596341)
800171242,799506,-79.83035460158416,40.41441312165777,R,Allegheny,42003,18,42053586532,800867610,Millvale,1088 Progress Junction,1322 Mclaren Bend,Patterson,PA,93584,469,263,Insured-Unsubsidized,Ebonie Frazier,(412) 530-0449,099316,2001-09-28,38547119,2047-06-18,223(a)(7) Refi of 223f Nursing/ ICF,None,197,Indv. families - not eld/ handicap	,Elderly,VYQ,OHP,POINT (4498911.889411937 -15430860.48082305),POINT (4498911.889411937 -15430860.48082305)
800691640,885510,-79.80072916084602,40.54633473220393,R,Allegheny,42003,16,42088533430,800861923,Edgewood,567 Redondo Bayou,728 Nancy Pelosi Circle,Vallejo,PA,78782,31,6,Insured-Unsubsidized,Elizabet William,(412) 423-3031,781169,1985-03-27,87953859,2046-02-03,202/8 SR,None,135,Elderly,Elderly,AOK,Baltimore,POINT (4513597.335922564 -15412209.123522399),POINT (4513597.335922564 -15412209.123522399)
800833263,185141,-80.21335123732158,40.49349393429233,R,Allegheny,42003,16,42046753880,800475342,Elizabeth,1358 Telegraph Hill Pine,388 Evans Spur,Oakland Park,PA,67485,370,374,Insured-Unsubsidized,Brice Stephenson,(412) 268-5498,397278,2023-11-13,3603208,2054-11-10,202/8 SR,None,78,Assisted Living Care,Elderly,SSU,Pittsburgh,POINT (4507715.125205935 -15676947.925028415),POINT (4507715.125205935 -15676947.925028415)
800539425,855394,-80.15472770824434,40.34618384089202,R,Allegheny,42003,17,42016334002,800073899,Whitehall,1103 Lake Merced Hill Lane,806 Onique Arcade,Mint Hill,PA,52629,44,569,Insured-Unsubsidized,Hosea Riddle,(412) 304-8175,416422,2021-11-05,79095061,2042-05-21,223(a)(7) Refi of 223f Nursing/ ICF,None,209,Indv. families - not eld/ handicap	,None,CXY,Baltimore,POINT (4491316.640619902 -15638668.901570654),POINT (4491316.640619902 -15638668.901570654)
800121546,938560,-79.81005655102099,40.28141545023715,R,Allegheny,42003,17,42015071478,800955747,McKees Rocks,626 Farragut Court,1383 Birch Annex,Chino,PA,96610,452,289,Insured-Subsidized,Santos Santiago,(412) 104-5341,962499,1980-11-17,70170436,2049-04-11,223(a)(7) Refi of 223f ALF,None,102,Indv. families - not eld/ handicap	,None,AKM,Pittsburgh,POINT (4484106.656352702 -15418075.602157824),POINT (4484106.656352702 -15418075.602157824)
800757390,821004,-79.85161651563024,40.4479866462419,R,Allegheny,42003,13,42033335043,800414900,Springdale,Dover Corporation,943 Dewey Lake,Louisville,PA,47844,202,41,Insured-Unsubsidized,Jon Stafford,(412) 415-5201,146315,2023-09-12,66433625,2024-06-02,223(a)(7) Refi of 223f ALF,None,143,Assisted Living Care,Elderly,XAV,OHP,POINT (4502649.277072778 -15444279.560915666),POINT (4502649.277072778 -15444279.560915666)
800921665,930140,-79.80376367481172,40.45090760169047,R,Allegheny,42003,12,42062612368,800976166,Munhall,Soyo Group,1291 Cresta Vista Park,Eureka,PA,08526,342,20,Insured-Unsubsidized,Avery Miller,(412) 597-7571,095059,2018-08-13,111570488,2026-01-27,202/8 SR,None,197,Elderly,Family,GBI,Pittsburgh,POINT (4502974.436345941 -15414117.10371447),POINT (4502974.436345941 -15414117.10371447)
800813779,734127,-80.22193298976745,40.4468600364101,R,Allegheny,42003,15,42018424220,800976333,Baldwin,Bob Evans Restaurants,775 Oceanview Mews,Savannah,PA,01878,9,95,Insured-Unsubsidized,Arlen Wagner,(412) 952-8659,468109,1989-08-23,76610846,2052-12-11,202/8 NC,None,121,Elderly,Elderly,XNF,Pittsburgh,POINT (4502523.863439979 -15682570.53972629),POINT (4502523.863439979 -15682570.53972629)
800361925,961186,-79.79549228337702,40.60400055381834,R,Allegheny,42003,16,42014530939,800041556,Whitehall,Procter & Gamble,1372 Nob Hill Creek,Westminster,PA,93047,298,571,Insured-Subsidized,Harlan Haley,(412) 372-7615,754401,1980-07-05,64119059,2047-11-26,202/8 SR,None,213,Assisted Living Care,None,UBK,Pittsburgh,POINT (4520016.665820856 -15408917.706492942),POINT (4520016.665820856 -15408917.706492942)
800788314,063330,-80.15528310451725,40.46210760181744,R,Allegheny,42003,17,42068450976,800229339,Glenfield,Friendly Interior Design,193 Ritch Hills,Banning,PA,58706,41,342,Insured-Subsidized,Mac Cantrell,(412) 541-3882,774393,2013-05-16,146381389,2043-01-07,202/8 SR,None,202,Elderly,Elderly,KRJ,OHP,POINT (4504221.214656961 -15639030.494974785),POINT (4504221.214656961 -15639030.494974785)
800539007,627714,-80.05656838959102,40.64821181611598,R,Allegheny,42003,15,42013221105,800945431,,362 States Park,1267 York Bayou,Arcadia,PA,58792,392,119,Insured-Unsubsidized,Denese Sanford,(412) 844-3092,846495,1981-02-03,118779433,2026-09-15,202/8 SR,None,59,Family & Elderly,None,NUL,OHP,POINT (4524938.241027157 -15575076.932846002),POINT (4524938.241027157 -15575076.932846002)
800492702,052025,-80.22456673379327,40.43173463035526,R,Allegheny,42003,15,42084127904,800707296,Sewickley,Limited Brands,712 Jean Extension,Baldwin Park,PA,50776,214,139,Insured-Unsubsidized,Landon Thornton,(412) 318-4948,006107,1990-11-04,67645976,2029-04-04,202/8 SR,None,245,Assisted Living Care,Family,BPD,OHP,POINT (4500840.1109399125 -15684297.102955954),POINT (4500840.1109399125 -15684297.102955954)
800451577,890666,-80.06568018669611,40.3999413698478,R,Allegheny,42003,16,42046955367,800237550,Bell Acres,Assurant,597 May Annex,Palo Alto,PA,85504,478,384,Insured-Subsidized,Ariel Scott,(412) 859-2978,251378,2020-07-20,113481551,2027-10-24,223(a)(7) Refi of 223f Nursing/ ICF,None,328,Assisted Living Care,Elderly,THU,OHP,POINT (4497300.901369564 -15580953.732233664),POINT (4497300.901369564 -15580953.732233664)
800312961,070540,-80.0204243564419,40.61838894191675,R,Allegheny,42003,16,42042371359,800008669,Indiana,29 Shrader Bridge,81 Bartlett Bridge,Havelock,PA,01933,367,127,Insured-Unsubsidized,Jimmy George,(412) 229-5475,053227,2002-08-11,17509162,2058-03-15,223(a)(7) Refi of 223f ALF,None,30,Indv. families - not eld/ handicap	,Elderly,VUK,Baltimore,POINT (4521618.373857306 -15551817.65686333),POINT (4521618.373857306 -15551817.65686333)
800420282,659615,-79.83224020689109,40.54305725775979,R,Allegheny,42003,16,42009513274,800025339,Glassport,401 Arthur Landing,87 Columbus Viaduct,Papillion,PA,31735,442,316,Insured-Subsidized,Mendy Mcguire,(412) 996-7856,325045,1989-01-13,46960594,2052-09-16,202/8 SR,None,188,Family & Elderly,Elderly,DTV,OHP,POINT (4513232.489136354 -15432049.424839668),POINT (4513232.489136354 -15432049.424839668)
800123048,638720,-79.80596021233615,40.48761654198843,R,Allegheny,42003,18,42051295898,800123585,Lincoln,957 Cleary Square,1084 Castro Terrace,Edgewater,PA,15306,320,348,Insured-Unsubsidized,Cassaundra Garner,(412) 933-4724,507587,2002-10-04,72042854,2027-01-01,223(a)(7) Refi of 223f Nursing/ ICF,None,150,Indv. families - not eld/ handicap	,Family,XOO,Baltimore,POINT (4507060.856887472 -15415498.548623836),POINT (4507060.856887472 -15415498.548623836)
