development_code,longitude,latitude,geocoding_accuracy,county_fips_code,census_tract,municipality_fips,municipality_name,hud_property_name,property_street_address,city,state,zip_code,units,owner_organization_name,participant_code,formal_participant_name,project_name,total_dwelling_units,acc_units,total_occupied,regular_vacant,pha_total_units,percent_occupied,people_per_unit,people_total,rent_per_month,median_inc_amnt,hh_income,person_income,pct_lt5k,pct_5k_lt10k,pct_10k_lt15k,pct_15k_lt20k,pct_ge20k,pct_lt80_median,pct_lt50_median,pct_lt30_median,pct_bed1,pct_bed2,pct_bed3,pct_overhoused,tminority,tpoverty,tpct_ownsfd,chldrn_mbr_cnt,eldly_prcnt,pct_disabled_lt62_all,scattered_site_ind,pd_status_type_code,geom,geom_webmercator
PA00221298,-80.07667339589419,40.4784743098323,B,42003,42000649158,800554826,Edgeworth,28 Mcnair Mall,275 Felton Stravenue,Mountain Brook,PA,91770,184,Housing Authority of Rosslyn Farms,PA007,Syntel,Bonita,325,412,252,34,1841,48,3.35,462,371,223364,13809,17215,21.2850505686,65.9168546252,7.3438262768,14.4839337315,29.2502061156,96.5048559678,99.7486689454,79.5832110347,84.8570974442,18.4403988428,24.4500643441,41.3118085545,59.6619173106,77.1020596825,69.9430047432,1,69.5534874628,22.0812883604,Y,M,POINT (4506043.148259138 -15588051.085148614),POINT (4506043.148259138 -15588051.085148614)
PA00291278,-80.05635709878591,40.61851022843382,T,42003,42041959656,800893319,Clairton,554 Geneva Bayou,1062 North Gate Alley,Tempe,PA,99169,422,Housing Authority of Sharpsburg,PA006,United Technologies,Tillman,72,8,374,25,2189,75,3.69,1082,467,66497,15551,14700,39.7251651095,41.2004714552,19.657396721,22.1918391128,43.7566573147,98.8449638136,96.1025935337,57.5202520741,63.8837244315,12.1131328233,42.737093301,22.1933594779,82.4627591084,18.2906053559,89.8150979637,7,76.465319108,48.1096601606,Y,M,POINT (4521631.875410627 -15574940.72071264),POINT (4521631.875410627 -15574940.72071264)
PA00550707,-79.98356674579898,40.451618877555795,B,42003,42084360856,800115315,Mount Oliver,Enterprise GP Holdings,916 Cornwall Mews,Hialeah Gardens,PA,88303,280,Housing Authority of Crescent,PA001,Castle Realty,Ellis,221,455,463,50,1989,17,2.3,533,238,205225,4563,15130,40.5846366481,43.1891096066,46.4067256464,11.0631837719,31.5399576565,97.858647628,92.5466463233,95.1705391067,50.0073593293,4.2852598753,8.8710939204,17.4544657451,55.2929286005,13.5417954722,55.6460063695,29,95.9458391955,9.0765594232,Y,M,POINT (4503053.615213083 -15528184.897056775),POINT (4503053.615213083 -15528184.897056775)
PA00367290,-79.7799014462951,40.505669853892606,T,42003,42088896247,800850494,Scott,Abbott Laboratories,989 H Street,Hollywood,PA,26876,204,Housing Authority of Marshall,PA003,UTStarcom,La Grande,350,181,113,50,1025,50,2.61,1417,472,88583,11776,15618,11.1793250432,26.8473625873,26.6644955942,10.2015850361,18.5362195971,91.0950038687,88.6581407025,91.0945067148,42.6199160031,85.9906403364,20.7419481204,29.7507879235,50.9206455684,70.5116217849,42.8185013653,16,57.46803251,24.3801295041,Y,M,POINT (4509070.542375777 -15399128.63247005),POINT (4509070.542375777 -15399128.63247005)
PA00113954,-79.8801904295073,40.442078528659195,R,42003,42080629183,800775213,Harmar,Crazy Tiger,950 Rondel Pine,Roseville,PA,78241,374,Housing Authority of West Mifflin,PA004,International Business Machines,Rivoli,340,51,167,38,2633,4,1.65,1215,271,178182,9458,15768,48.8702801082,43.7125970105,16.4783779093,31.1279858197,14.8096460298,98.3375289044,89.9464849261,73.741603637,4.0894646689,47.8800508609,39.1149078739,14.6040073111,66.5733367504,23.2367862625,71.1069534771,25,37.307119811,37.1524901004,N,M,POINT (4501991.588431924 -15462357.362490658),POINT (4501991.588431924 -15462357.362490658)
PA00918316,-79.90095763945153,40.19973070746702,T,42003,42077253052,800875357,South Fayette,324 San Fernando Green,576 Bay Bend,Fremont,PA,38154,465,Housing Authority of Oakmont,PA006,Xilinx,Commercial,307,468,17,12,812,55,2.8,1459,415,140629,19230,8163,20.7767448072,66.9436940518,26.7929698199,29.5638568901,23.423831736,97.1695160602,73.5430419448,95.2042104148,55.1749271456,13.1053880406,33.8577362807,23.2419639794,29.64344064,73.8183258115,95.6276420425,1,81.8706509595,0.5668816068,N,M,POINT (4475013.552381951 -15475527.836593699),POINT (4475013.552381951 -15475527.836593699)
PA00176540,-80.14755361073033,40.62375746421436,R,42003,42000998733,800054307,Green Tree,Westinghouse Digital LLC,1074 Ora Spur,Durango,PA,54041,312,Housing Authority of Fox Chapel,PA006,Chem-Dry,Cassandra,155,212,61,19,1781,69,3.76,1263,282,182754,439,15039,42.4867503464,18.1685949563,13.2751551618,14.1951596786,47.6234805469,92.2703244149,93.5789595647,83.670067285,48.1063949938,36.2902692647,13.2649559907,15.5838146901,91.2943588138,16.2555412724,32.2763565292,11,2.106816714,23.9062571093,N,M,POINT (4522215.995025789 -15633999.985555554),POINT (4522215.995025789 -15633999.985555554)
PA00819777,-80.08197100192231,40.45677170826187,4,42003,42087030421,800608042,North Braddock,1157 Moneta Path,751 Washington Bypass,Oak Creek,PA,11392,159,Housing Authority of Sharpsburg,PA004,Bellwether Technology Corporation,Blythdale,410,314,494,14,1428,15,2.83,1352,497,188644,12116,5134,31.5722435039,45.4929097089,23.3572089848,22.1568047543,29.020475858,91.5066653424,90.8895699863,51.3418960407,90.8235092545,69.8186823434,36.029891213,46.593181417,97.9124449892,72.2104896476,24.633168536,24,48.4503504816,54.4508081253,Y,M,POINT (4503627.225703428 -15591474.065394264),POINT (4503627.225703428 -15591474.065394264)
PA00650487,-79.78276078323908,40.34008402686868,B,42003,42037451085,800115682,Crafton,356 Schofield Arcade,1143 Pretor Grove,Beverly,PA,71885,284,Housing Authority of Sharpsburg,PA008,Lawn N' Order Garden Care,Beatrice,346,116,252,31,1564,74,1.8,94,408,216425,17639,10201,0.207042734,51.7564070419,25.0177872183,28.7221817406,35.3536686761,92.1008489895,92.0942400945,64.3839805286,21.8721369392,73.2435803823,30.9502686241,32.0162710768,36.6645264398,49.8947790648,24.6331049956,7,65.2529281914,62.426650782,N,M,POINT (4490637.612428891 -15400922.827618966),POINT (4490637.612428891 -15400922.827618966)
PA00233540,-80.15746177295493,40.61076353327342,4,42003,42019741705,800178514,Bethel Park,634 Olympia Lane,360 Pixley Center,Westminster,PA,16353,65,Housing Authority of West Elizabeth,PA008,Advansed Teksyztems,Claremont,361,409,110,47,1204,82,1.56,682,301,243576,9285,6298,38.586579519,35.7144482388,19.7353062766,15.1884572632,1.2112816457,97.0185611517,71.2053904656,50.0361830316,4.242905649,85.7876170075,28.3278120436,7.1302963981,73.4744554442,71.7400078505,63.114246688,30,67.4562697197,35.9451783349,Y,M,POINT (4520769.517250041 -15640449.122545833),POINT (4520769.517250041 -15640449.122545833)
PA00957871,-79.83656845721973,40.46827399142107,T,42003,42082790988,800317388,Mount Oliver,74 Forest Hill Ferry,344 Hoff Plaza,Yakima,PA,35598,144,Housing Authority of Heidelberg,PA003,XPLANE,Del Sur,137,361,206,10,1575,62,3.61,1282,251,196202,10042,8196,14.7472943493,4.5006676134,45.3606689326,36.2154895072,35.5346374745,90.8030212537,77.6032204826,92.6336243214,35.5426621646,64.8618258019,48.5273944143,4.0207152391,26.845145853,50.4460035868,94.7750052746,1,50.217897875,43.8652007379,Y,M,POINT (4504907.6540076705 -15434779.372418717),POINT (4504907.6540076705 -15434779.372418717)
PA00040105,-80.0472146160525,40.582979488144616,B,42003,42051724732,800344216,Pennsbury Village,19 Gillette Pike,485 Transbay Hump Manor,Forest Grove,PA,64720,63,Housing Authority of North Fayette,PA007,VonMaur,Ripley,284,25,363,24,1787,86,3.95,1137,214,151550,4418,5741,36.1661453052,42.5442998658,48.8483795261,8.6643548556,24.2308485901,93.7912432166,78.1136080143,82.8989526172,54.1173632579,85.8991393531,14.1391393111,25.5675765656,67.4256764782,77.2380606996,91.5504001521,29,6.3470381354,51.5979204309,Y,M,POINT (4517676.611494125 -15569049.609633677),POINT (4517676.611494125 -15569049.609633677)
PA00335087,-79.73806610334674,40.658761810099364,4,42003,42079395688,800947460,Ohio,929 Ruger Bend,1357 Geneva Center,Boise City,PA,82107,345,Housing Authority of Hampton,PA000,Conseco,Loomis,259,261,313,28,1536,54,1.56,275,340,175008,3251,14307,28.0207685622,27.9498262519,30.1970311262,13.6471471129,11.4441694737,92.0086485936,94.2496981204,64.6473166823,58.53341001,43.8663626051,18.8766487399,6.0782152911,67.133935109,66.1515524378,96.4813537508,17,49.0512641552,63.6892088614,N,M,POINT (4526112.660985259 -15372934.160433475),POINT (4526112.660985259 -15372934.160433475)
PA00561648,-80.12887032894872,40.63718890153166,4,42003,42076254326,800059207,East Deer,Master Builder Design Services,611 Patton Expressway,Linden,PA,27152,400,Housing Authority of Harmar,PA007,America Online,Mission Rock,234,434,252,32,1435,32,1.15,19,378,83935,4387,11781,14.5338118546,60.3289272226,10.7881554911,21.7427343632,3.5982870518,92.6098962188,75.1632952726,57.6727211315,28.707160902,21.5420332787,8.2269632929,6.8517609696,17.9716829944,26.3203965755,94.5539936378,16,17.6273173326,59.2073225116,Y,M,POINT (4523711.175788572 -15621856.650958199),POINT (4523711.175788572 -15621856.650958199)
PA00403483,-80.11510566018734,40.649907881829286,B,42003,42014107049,800898676,Baldwin,Esselte,298 Onique Turnpike,Durango,PA,25028,39,Housing Authority of Glen Osborne,PA005,AK Steel Holding,Urbano,210,440,473,1,1089,61,2.66,505,223,217022,12632,13168,16.7764282719,62.0239285322,14.0261018995,36.680522381,33.7565284495,90.4566608229,88.1769663557,56.9575253679,92.7401021633,79.2441525646,28.9505248203,41.6871218782,66.3480689453,23.4645576923,65.121283346,12,85.5157091061,24.2367281123,Y,M,POINT (4525127.046198714 -15612924.754239932),POINT (4525127.046198714 -15612924.754239932)
PA00543211,-79.98662693262976,40.67187731524237,B,42003,42021679504,800384746,Collier,YRC Worldwide Inc.,1147 South Van Ness Route,Hastings,PA,89926,50,Housing Authority of Rankin,PA008,Arbitron,Allison,63,95,32,17,2772,41,2.75,1239,452,230961,15123,11937,9.7033519085,21.036564337,41.7966278871,23.8232989261,20.4380857966,93.9572939467,86.5578845182,61.7981195988,12.7912251088,53.5952198505,36.2018285343,10.0175326382,18.3697426354,41.0752414325,90.9126479588,29,43.5417308882,25.2652218286,N,M,POINT (4527572.6723392755 -15530143.781252498),POINT (4527572.6723392755 -15530143.781252498)
PA00864312,-80.0115963070706,40.59050345866274,B,42003,42059021237,800115323,Leetsdale,Emcor,393 Otega Ferry,Santee,PA,48065,218,Housing Authority of Shaler,PA005,Applied Industrial Technologies,Greenough,191,390,367,19,2410,21,1.75,1007,345,245258,7734,10846,22.6789932784,19.1107240637,37.9068491722,7.5567752804,32.6956092688,91.689791476,77.5022420986,84.6930936073,22.6553215415,35.1048893924,43.5780493912,49.6138060017,87.0854191811,30.7848851619,82.0098384276,22,93.7781035595,50.6302858597,N,M,POINT (4518514.176060946 -15546149.334112972),POINT (4518514.176060946 -15546149.334112972)
PA00036033,-79.78860238789287,40.40728842270815,R,42003,42029668471,800901437,West Elizabeth,9 Keppler Center,215 Bartol Alley,Laguna Niguel,PA,97249,433,Housing Authority of Cheswick,PA006,The Lawn Guru,Sunnydale,237,438,389,42,1908,79,1.98,332,228,120082,14051,13683,38.970298367,9.9707151471,16.9594776603,5.2394186847,19.4161552391,97.8597261752,79.4253509782,63.8697439404,63.4298571833,31.9396927098,10.6822464755,18.3097051448,48.9920923405,15.8408305658,67.3980098416,6,82.5223824767,69.4121454945,N,M,POINT (4498118.7715528095 -15404589.900012974),POINT (4498118.7715528095 -15404589.900012974)
PA00934122,-79.93802865844974,40.24110552241102,4,42003,42063251036,800245408,Bell Acres,Georgia Pacific,1041 Manzanita Cove,Mountain Brook,PA,76610,277,Housing Authority of Leetsdale,PA002,Pfizer,Underwood,308,284,179,22,1202,49,1.61,744,390,110619,13334,12753,31.7563107671,30.4166565581,16.3392792553,9.0463776874,12.3127825962,99.0968075725,81.2413624175,65.3979266088,61.4592611895,36.3823877789,6.6201313334,13.1970150555,87.7890919403,50.899419539,17.9238528171,2,75.503746815,28.1687831587,Y,M,POINT (4479619.375713184 -15499104.879876994),POINT (4479619.375713184 -15499104.879876994)
PA00522044,-79.79284701242652,40.54479675622793,T,42003,42072532481,800874445,Heidelberg,508 Duncombe Grove,682 Sylvan Bypass,Wilmington,PA,07254,351,Housing Authority of Pleasant Hills,PA006,Beazer Homes USA,Crespi,485,403,134,25,2954,19,2.02,849,473,163026,16418,8571,23.0080960172,10.2959118433,25.1399237873,22.9131295135,44.9577907022,90.0954851589,92.2936165175,72.9960243747,11.8350801744,20.3911237579,43.4224191019,19.4848851033,39.4981260177,38.4124323459,89.4985204197,29,20.2077821932,69.6782097494,N,M,POINT (4513426.129220064 -15407255.76897193),POINT (4513426.129220064 -15407255.76897193)
PA00487782,-80.00781047537788,40.430376080223475,4,42003,42010824686,800013737,Bethel Park,Converse,261 Scott Turnpike,Riverside,PA,09729,145,Housing Authority of Wilkinsburg,PA000,Royal Gas,Palou,277,253,198,33,1229,56,1.38,1487,425,220073,1021,8939,19.1393183843,21.3575903192,4.4110006853,21.7582017137,37.8593461405,98.5196747188,87.2805237019,63.1469538413,72.9401172533,48.6096645499,28.273885165,38.1717520213,90.0845671711,75.7566030761,18.5089552222,12,10.738037996,11.7320984338,Y,M,POINT (4500688.877831025 -15543720.042668287),POINT (4500688.877831025 -15543720.042668287)
PA00319846,-79.87169434761988,40.49370924633033,4,42003,42001218135,800660686,White Oak,Minnesota IMPLAN Group,1005 The Block Loop,Round Lake,PA,14902,204,Housing Authority of Pittsburgh,PA008,Magnavox,Dakota,29,156,6,37,1829,45,3.93,1172,492,81818,17471,11534,41.4276740735,12.1693420027,32.7458364943,38.9946866984,14.2820534664,96.4354802134,71.9485211613,95.9091992226,42.7390478204,33.1095884356,18.0416720686,4.9775869043,85.8327351232,31.2953363404,48.3778350977,13,56.0610180188,36.9431807564,Y,M,POINT (4507739.0936323665 -15456976.892074792),POINT (4507739.0936323665 -15456976.892074792)
PA00611336,-80.14379054205526,40.549181868380785,T,42003,42069665243,800195964,Bell Acres,840 Sagamore Station,186 Battery Blaney Glen,Nacogdoches,PA,19816,293,Housing Authority of Wall,PA002,Matrix Interior Design,Pagoda,375,25,62,22,1786,46,3.31,911,222,151903,4329,17055,7.4755462014,53.3691690398,8.5120314218,31.6967664005,35.0769588059,90.5586828571,73.5820247265,52.9338880198,66.1688564758,84.2392041384,21.4134138814,19.5069116485,13.5386071324,64.4590498442,27.8642126482,5,30.2968174651,55.421822864,N,M,POINT (4513914.27767199 -15631552.31918012),POINT (4513914.27767199 -15631552.31918012)
PA00840264,-79.89296121489593,40.55304932951411,B,42003,42089256554,800406735,Reserve,Conseco,1300 Hollister Ranch,St. Charles,PA,30125,64,Housing Authority of Chalfant,PA003,Bonanza Produce Stores,Andover,464,211,73,16,2898,63,2.56,255,337,115260,9617,13911,3.8514335924,24.9890528939,13.2658611086,12.1191845666,40.2611116307,90.7371390353,88.0753113706,95.0875206502,82.9851592521,10.1925454134,15.6379613213,44.3214743678,12.928419611,29.6593712231,87.2938254292,27,21.6865226448,64.0949342287,N,M,POINT (4514344.801476015 -15470453.368601523),POINT (4514344.801476015 -15470453.368601523)
PA00378451,-80.02580326624471,40.62068242372784,T,42003,42098866694,800835591,Upper St Clair,418 Richardson Ranch,518 Admiral Alley,Houston,PA,80432,174,Housing Authority of Swissvale,PA009,Excella,Stigwood,182,321,407,19,1450,43,1.0,1475,252,196783,16488,15415,9.9710056471,72.7617221095,7.4891424934,11.1169624912,0.694270966,97.4837910559,98.1906371879,72.4904049437,75.9376196798,0.4786974347,42.154034357,3.1560223533,74.212540867,59.9971335081,40.9757673226,22,21.3423707225,12.216442937,Y,M,POINT (4521873.683084661 -15555273.786575934),POINT (4521873.683084661 -15555273.786575934)
PA00852753,-80.30188320736639,40.50106043315789,R,42003,42072651657,800723663,Neville,DST Systems,103 Via Bufano Motorway,Buena Park,PA,21916,63,Housing Authority of Lincoln,PA005,Circuit Design,Edie,38,355,344,11,2010,11,1.37,1361,219,76823,121,15128,14.520426197,18.0362959738,1.3234451483,14.8661935106,15.2163073016,90.0422311809,79.4463115827,54.0819373204,19.0511575689,60.5491982601,27.0798366468,37.6438543006,59.8509944499,30.2613749813,95.9986198909,2,80.2594158668,15.0404178428,N,M,POINT (4508557.424006736 -15735188.617753625),POINT (4508557.424006736 -15735188.617753625)
PA00383250,-79.77295491471833,40.61570696760189,4,42003,42036332366,800968244,Reserve,Calista Corporation,911 Olive Turnpike,Hastings,PA,02505,16,Housing Authority of Munhall,PA007,Total Sources,Gene Friend,77,114,42,45,1015,97,2.71,44,453,246692,6833,15463,19.1237539847,19.668431913,10.6802521248,38.64332267,31.846651683,94.5330700455,95.1844282108,83.2315894208,17.0936691434,37.6544679467,14.2188531507,48.277752824,60.423976935,24.9012304289,16.2553924886,4,58.7042432901,69.8805688822,N,M,POINT (4521319.817842255 -15394771.846154446),POINT (4521319.817842255 -15394771.846154446)
PA00681648,-79.90826184946201,40.6101496002986,T,42003,42098749433,800219449,Wilmerding,Forum Communications,1342 Linda Drive,Jupiter,PA,89805,287,Housing Authority of Ohara,PA004,Unisys,Havelock,197,472,473,44,1875,74,3.56,200,237,140248,1684,15675,19.1919605854,57.8464255851,35.7630745385,28.1213819746,41.7190830529,98.4291948665,86.7084707095,77.3842390982,78.8758264392,14.1586087391,27.3362664903,33.0867439159,48.4884968532,25.2823000786,59.5612814143,25,64.1735515516,20.155469489,Y,M,POINT (4520701.174543902 -15480166.5067496),POINT (4520701.174543902 -15480166.5067496)
PA00352253,-80.06515440301739,40.30485171213288,B,42003,42047546769,800497446,Upper St Clair,Brown-Forman Corporation,1207 Pinar Path,Fairhope,PA,53562,412,Housing Authority of Bridgeville,PA009,Northwest Airlines,Valletta,324,340,305,42,1033,10,3.7,1414,365,231313,9607,7594,18.4854127272,64.2025263835,10.6998694687,31.1629154512,28.0512483631,93.0290810954,86.7445783648,88.0108985337,31.8189897745,89.3316023059,37.875924238,42.8140784181,63.7241339979,40.3858177104,15.3326904585,14,16.2458388395,27.3878541293,Y,M,POINT (4486715.569093033 -15580614.474590426),POINT (4486715.569093033 -15580614.474590426)
PA00049248,-80.1637571915135,40.33837294990014,4,42003,42027093900,800690778,Rankin,Omni Architectural Designs,1147 Jason Boulevard,Iowa City,PA,68929,256,Housing Authority of Franklin Park,PA004,Dippin' Dots,Olmstead,203,51,309,25,2180,30,1.51,1243,405,201647,1085,9620,2.402600745,39.39097197,32.5511990126,33.1163498694,9.589121455,95.1696746291,80.1719027118,75.4965496017,88.3817118159,31.54607059,48.3563765668,36.9903760195,95.7153196838,76.1938170713,14.978185662,3,73.3710235214,53.9420209746,N,M,POINT (4490447.136212044 -15644550.096496442),POINT (4490447.136212044 -15644550.096496442)
PA00347218,-79.8322241475799,40.27647882658464,T,42003,42054396194,800555510,Glassport,The Happy Bear,654 Carver Freeway,North Miami Beach,PA,24306,49,Housing Authority of Scott,PA004,O'Reilly,Concourse,119,342,55,39,1394,77,3.34,1488,500,181925,15633,8113,19.29492671,32.4251304682,0.1296346951,37.9917613183,14.7241210265,90.3199250328,98.5493023679,84.0162305547,56.8208089956,99.9986608399,4.3101789868,19.264343222,33.8358373049,21.3807564117,94.8214216358,14,66.1405698707,8.0893931563,Y,M,POINT (4483557.113921467 -15432039.29792778),POINT (4483557.113921467 -15432039.29792778)
PA00820546,-79.7817025029833,40.542502611518536,B,42003,42034351654,800539567,South Park,Apple Inc.,1123 Samoset Center,Highland Village,PA,84518,232,Housing Authority of North Versailles,PA006,Tupperware Brands Corporation,Ellsworth,370,145,422,2,2012,23,3.49,1149,225,228862,5688,17330,11.3787432933,55.6248293161,42.9628358765,39.9486511972,44.9080232486,90.5100171238,80.5302131436,55.5692927369,19.5205290677,21.79003534,10.0902580179,49.7563553712,23.7658250908,63.0011341462,89.2516425485,6,23.9550721165,63.5951985357,N,M,POINT (4513170.746199207 -15400258.71321263),POINT (4513170.746199207 -15400258.71321263)
PA00097282,-80.0450828375137,40.48887447034694,4,42003,42081384093,800865258,Turtle Creek,14 Lloyd Canyon,521 Theresa Bridge,Syracuse,PA,12488,347,Housing Authority of South Park,PA005,American Express,Shore View,7,472,178,15,831,26,1.92,490,386,248487,18331,6733,26.1681327685,4.6870044955,12.2851514206,9.3743292895,44.9059214065,99.255666339,71.5563928855,91.2380522559,92.581610486,71.5370216079,22.8494259613,46.0220196813,91.3008985307,64.7659250716,63.8365236445,14,5.8589275669,0.9583606231,Y,M,POINT (4507200.888831795 -15567676.73280135),POINT (4507200.888831795 -15567676.73280135)
PA00280487,-79.84904656818455,40.64865483342396,4,42003,42046592490,800799476,West Deer,American Reprographics Company,728 Velasco Ferry,St. Louis,PA,70394,451,Housing Authority of Bellevue,PA000,Eddie Bauer,Head,157,310,209,7,1943,47,3.58,1246,346,79431,14878,15831,16.2067647549,52.8157095154,30.0055199567,3.5255652406,26.6116782219,91.7866443764,93.6689041176,57.5047591375,69.5367560134,98.4499377525,11.9564347377,4.3202798982,74.4968122172,19.4467271134,90.5887572254,3,19.6642352525,65.3249599004,Y,M,POINT (4524987.557488293 -15442656.106863312),POINT (4524987.557488293 -15442656.106863312)
PA00488829,-80.09336098160223,40.50667744760815,4,42003,42027262534,800758949,Sewickley Heights,1177 Stevenson Pike,1319 Hattie Mall,Lackawanna,PA,27435,396,Housing Authority of Leetsdale,PA003,Royal Gas,Mcdowell,8,296,399,17,2713,58,1.68,1204,329,214891,9374,11719,14.8260969758,57.2901412614,11.0884028728,38.1770966885,37.9579121016,94.110260623,89.6858388519,94.8895192364,78.6534143187,25.5765773192,16.1043913401,13.3200922545,42.6040130917,64.9377059941,89.8758376299,4,82.2190965361,9.7105250948,Y,M,POINT (4509182.707195117 -15598839.688340385),POINT (4509182.707195117 -15598839.688340385)
PA00358395,-79.86282278161242,40.63127912783546,R,42003,42030315247,800523319,Sewickley,1193 Bob Kaufman Ferry,565 Waterloo Route,Tyler,PA,30229,89,Housing Authority of Pittsburgh,PA004,Beasts of Beauty,Moreland,369,415,218,39,1552,51,2.33,1241,431,203136,11105,7597,7.0258735859,61.2773268958,23.5307662744,20.9929531744,44.7296656375,97.6359770453,94.5302173142,79.2564956535,24.3078470941,16.8270505203,43.417832601,24.0486818312,11.4656004948,27.5901673252,75.766960901,7,80.9108858064,2.3658390934,N,M,POINT (4523053.302790008 -15451363.396526378),POINT (4523053.302790008 -15451363.396526378)
PA00453883,-80.13823629990125,40.35561818073743,4,42003,42080066534,800546712,Aleppo,American Axle,196 Charlton Walk,Murrysville,PA,77263,202,Housing Authority of Verona,PA000,Afforda Merchant Services,Woolsey,400,254,208,23,1392,8,2.64,529,455,208372,17869,14160,7.4122429675,67.9356091747,31.4507613205,33.4643707741,30.8209127347,96.1179362051,93.113483647,64.0816813246,78.419466071,43.0881848279,19.8246285014,10.0330712908,45.4506501648,16.0579712864,78.3303127613,7,9.5249680208,22.7112948726,N,M,POINT (4492366.866527463 -15627941.284513097),POINT (4492366.866527463 -15627941.284513097)
PA00761244,-80.13944058570559,40.39544197833529,B,42003,42032904394,800688976,White Oak,Jimmy John's,613 Font Plaza,Nixa,PA,21789,163,Housing Authority of Sewickley Heights,PA006,Giant Food,Elm,189,345,112,32,2360,63,3.91,903,258,218756,18078,8298,35.569448136,25.0837121084,19.6612711825,29.9004655339,9.7724418413,91.9415489579,77.4260412331,90.0146795145,94.7907156468,90.7834600983,0.581614051,32.8058558131,57.4225809455,44.4662349778,70.2734868297,10,17.1489561618,41.738664747,Y,M,POINT (4496800.031397512 -15628724.067814887),POINT (4496800.031397512 -15628724.067814887)
PA00989218,-80.10756670438037,40.51830826669236,T,42003,42096727116,800339801,Mount Oliver,864 Fowler Bridge,909 Cuvier Bridge,Haverhill,PA,19647,105,Housing Authority of Wilkinsburg,PA003,Agriprocessors,Bepler,465,103,281,20,2234,17,2.62,655,427,108365,17542,11632,25.4732864478,56.9226384784,2.2054509086,32.0705873056,8.9958476299,96.6704338998,88.3833548569,63.1450800114,50.2019514966,72.778031829,39.8569711258,7.9306928503,83.6809474762,16.0666539856,88.2623245208,27,20.5801061939,34.4589433898,Y,M,POINT (4510477.444053081 -15608037.94186437),POINT (4510477.444053081 -15608037.94186437)
PA00069098,-79.87224158399766,40.27536295181878,T,42003,42019745537,800092164,Elizabeth,Bain & Company,439 Bannan Garden,Winchester,PA,43886,404,Housing Authority of North Versailles,PA003,Bold Ideas,Pico,249,486,252,23,2990,94,2.58,826,485,242488,6256,8724,47.3243561956,19.1585533608,48.1262577694,15.5104442848,14.6782461081,93.8148256205,77.1585848222,90.3577875674,94.6310934532,94.8010613768,2.5530444456,33.5825313355,56.0650573536,63.7721549126,69.5181358516,7,7.6501204602,1.2709167358,N,M,POINT (4483432.895310742 -15457323.31594759),POINT (4483432.895310742 -15457323.31594759)
PA00043963,-80.09457368452173,40.56012706191632,4,42003,42078012619,800198635,Churchill,641 Cameo Pike,1130 Westside Freeway,South Elgin,PA,34234,273,Housing Authority of Shaler,PA008,Verizon,Fernwood,140,437,165,34,1411,84,2.4,1187,487,86944,17609,9912,8.2168661208,12.5655423875,37.5862272233,10.3790717936,2.7109092277,97.3267964643,99.8856285067,69.4761459578,1.8848014954,63.7803558657,37.3575067067,37.3722837233,49.2490477786,60.5397411955,41.9015950768,9,2.0824959155,51.148209067,Y,M,POINT (4515132.691043 -15599624.407619879),POINT (4515132.691043 -15599624.407619879)
PA00731955,-79.78829418030624,40.568147413919895,4,42003,42025946713,800368700,Penn Hills,Dover Corporation,132 Hillway Street,Centennial,PA,88633,112,Housing Authority of Swissvale,PA005,Magna Solution,Terra Vista,410,479,494,23,1511,34,3.84,387,262,101386,10696,11192,14.3787840149,42.4822320601,2.6646356614,15.7254766539,48.8222583685,99.2513156939,87.157803224,81.9449572619,69.5659683554,72.8452700119,48.1176936426,17.6975695353,89.4299781,61.6444990058,27.1219352901,18,83.3337054761,62.5629031791,Y,M,POINT (4516025.512544021 -15404396.370574052),POINT (4516025.512544021 -15404396.370574052)
PA00519272,-79.92121974770278,40.38402120739989,4,42003,42098133573,800677170,McKees Rocks,1082 Double Rock Mews,249 Rondel Garden,Huber Heights,PA,94536,402,Housing Authority of Bellevue,PA008,VonMaur,Chase,409,414,452,7,2087,60,1.42,128,253,68388,6260,5657,45.4055733239,4.5574712405,6.8470788976,28.9251431553,18.6793143443,95.6865771392,73.1803391204,90.3567217853,66.4666343177,44.5984137668,34.5913001676,4.1746289513,10.2075988399,38.3564641908,19.8528227525,7,3.4887170124,14.2991201388,Y,M,POINT (4495528.676992517 -15488403.835072925),POINT (4495528.676992517 -15488403.835072925)
PA00586054,-79.81906314660475,40.3955982910106,4,42003,42016132015,800792255,Ross,Buena Vista Realty Service,1327 Rivera Estate,Gardena,PA,55952,95,Housing Authority of Stowe,PA000,Oracle Corporation,Steiner,83,170,352,5,1174,10,2.45,217,369,111191,2996,12330,48.8653718944,7.6926932369,25.9239168061,30.0827953717,5.2152075177,97.9509367613,90.8996973313,78.6067044889,59.4345563119,93.3808529275,22.1345405303,41.444673278,79.0453415992,41.9962166749,89.9996207238,16,20.825959659,40.772312679,N,M,POINT (4496817.432044932 -15423745.360844),POINT (4496817.432044932 -15423745.360844)
PA00269783,-79.95104589543436,40.354470553326564,T,42003,42042009266,800749329,Kilbuck,832 Gibbon Viaduct,284 Rockdale Highway,Brownwood,PA,63526,477,Housing Authority of Ohio,PA001,CDI Corporation,Curtis,210,194,14,4,1928,48,3.75,270,339,208223,12315,17837,10.3947902575,36.6837388158,8.2809897256,23.4847060769,33.000862069,91.6486988008,77.0464480337,55.0281431525,97.3947795578,70.7653997621,19.4731006874,2.3942411905,26.1018230571,48.4207155574,77.3271560589,6,49.5601849994,51.7982827697,Y,M,POINT (4492239.113228465 -15507404.197168747),POINT (4492239.113228465 -15507404.197168747)
PA00672131,-79.90089963311563,40.421818917299085,T,42003,42073403570,800596369,Churchill,VonMaur,1153 Jack Micheline Green,Charlotte,PA,55806,75,Housing Authority of Bradford Woods,PA008,WWE,Greenwood,214,185,291,19,2981,36,3.21,1047,245,149264,11131,14735,14.6699386523,58.4914654036,31.364007701,11.4347097509,8.9505856804,98.8272972037,95.558195884,83.5448901852,11.2636417943,31.262024008,36.9530765206,20.8465058096,93.4717976854,47.572451323,77.7437485101,16,26.2412157841,28.4077485822,Y,M,POINT (4499736.298811647 -15475491.011914827),POINT (4499736.298811647 -15475491.011914827)
PA00351300,-79.80682296823612,40.566103841413835,B,42003,42058572103,800932532,Brentwood,222 Locksley Mall,540 Nibbi Grove,Overland Park,PA,80382,321,Housing Authority of Sharpsburg,PA007,Imation,Lee,307,105,349,13,2084,62,3.96,636,277,87786,10541,9493,25.8727042274,7.3479148262,45.1932806379,2.4190867355,17.558171557,98.4841812671,98.1315399614,81.551514226,60.9937293606,65.732044065,39.0278701076,11.9254128295,32.9611265623,73.6365019937,87.3240634369,26,29.1141423018,33.6432720431,Y,M,POINT (4515798.023093247 -15416041.233046811),POINT (4515798.023093247 -15416041.233046811)
PA00461046,-79.9123967377277,40.66001197540389,B,42003,42094826714,800005184,Dravosburg,57 Bird Stravenue,540 Ivy Park,Pinole,PA,00939,93,Housing Authority of Braddock,PA009,Body Fate,Ellert,57,201,250,39,1991,64,3.44,1248,216,140895,772,7740,38.0404957883,20.7222806214,26.506750987,18.38875151,27.959389263,91.0929699768,78.6503717048,76.4832061498,80.3594816247,7.5843143844,47.6401026153,11.4088958764,61.1527641519,71.3426455076,73.0572947464,11,80.7248416892,66.0178005839,Y,M,POINT (4526251.828750366 -15482793.915093645),POINT (4526251.828750366 -15482793.915093645)
PA00090988,-80.04672448238533,40.63156776887724,B,42003,42078934982,800324790,Swissvale,Aon Corporation,460 Kramer Hill,Fort Smith,PA,24598,138,Housing Authority of Ben Avon,PA002,Snap-on Tools,Spring Valley,132,179,46,10,1239,99,3.07,1164,414,207217,18539,11001,28.2153865636,4.8085760317,22.0857342579,24.8791995604,23.7205513442,93.4171912765,85.3726324264,98.2990076755,13.1633052866,73.8935648261,20.7638606828,43.6627931,81.0451020733,43.5503270481,85.0390850182,15,49.0906779818,24.7184002544,N,M,POINT (4523085.434163801 -15568733.935150811),POINT (4523085.434163801 -15568733.935150811)
PA00073868,-79.96681454616031,40.343929908019724,4,42003,42087070013,800219289,Pennsbury Village,1013 Seminole Boulevard,202 Julia Expressway,Highland Village,PA,17618,128,Housing Authority of Rosslyn Farms,PA003,The Lawn Guru,Yosemite,44,172,174,17,836,12,1.66,1471,415,92419,18238,11439,41.2852567338,5.535726188,16.8824037911,19.2058482176,14.6727503801,97.3458291593,99.9737709605,58.1566000684,32.6213150235,49.004954426,29.616302578,35.7067434817,56.9073330475,71.5149927242,96.7484637105,26,20.5227218016,43.8536624801,Y,M,POINT (4491065.733960276 -15517471.979180776),POINT (4491065.733960276 -15517471.979180776)
PA00227125,-80.09033109307764,40.37740091263536,R,42003,42045969983,800976987,Baldwin,301 Everson Motorway,1265 Oneida Row,Rockville Centre,PA,47620,462,Housing Authority of Kennedy,PA009,H-E-B,Hale,294,217,243,30,1799,36,1.84,942,218,81158,13422,15922,1.6540468211,3.2446368047,36.1228617572,0.3621907534,34.2949069079,96.0941698885,79.2333624335,71.4616479284,76.8090480521,20.6888143064,23.8584443767,9.6791597226,63.8779175862,35.9429465934,30.4334005141,9,78.3670919209,9.861721494,Y,M,POINT (4494791.709150427 -15596879.514943551),POINT (4494791.709150427 -15596879.514943551)
PA00761535,-79.91384181038163,40.499846993830474,R,42003,42074236017,800324754,Wilmerding,Bountiful Harvest Health Food Store,1037 Sumner Grove,Irvine,PA,58390,261,Housing Authority of Bell Acres,PA003,Blockbuster Inc.,Arlington,391,125,180,23,1768,89,2.79,1094,360,92057,9454,7760,24.6244342605,2.6248172303,2.0995385465,22.4305190203,39.082240956,93.1508502152,96.4621104087,95.2402674151,36.3077716866,63.766953261,13.8477871747,47.1598915484,35.6116872828,44.5703095556,97.6099322064,26,21.2451084617,46.9589077185,N,M,POINT (4508422.3445587 -15483712.400662396),POINT (4508422.3445587 -15483712.400662396)
PA00162109,-79.852690751064,40.47100981620391,R,42003,42046149879,800501317,North Fayette,723 Merriam Pass,527 Goleta Lodge,New Iberia,PA,13702,287,Housing Authority of West Elizabeth,PA008,Hunt Petroleum,Old Mason,196,262,471,7,2710,32,1.71,90,364,219061,12378,8325,15.7606872747,22.3643119721,7.6037725474,25.5318473519,46.4521438371,95.1985020248,73.8616081382,84.9831916653,92.8170213971,20.819723546,38.7430465646,23.945800814,89.2983010568,69.3567628724,63.1762806106,1,29.4966343353,55.4932704675,Y,M,POINT (4505212.204629396 -15444958.283634044),POINT (4505212.204629396 -15444958.283634044)
PA00698619,-79.79791218808886,40.33136560777669,R,42003,42055477193,800032838,Springdale,Biggby Coffee,585 Kramer Mews,Sachse,PA,70905,336,Housing Authority of Ross,PA008,Rite Aid Corporation,Darrell,80,426,468,9,1781,16,1.57,100,468,70935,17176,5099,3.3979621176,64.5020900343,4.1934225188,28.1660310968,22.4004316795,90.8400891367,87.8153738283,97.2862006367,15.0579451276,77.4313372311,27.5039748074,18.9928977801,36.8339399278,41.5182271969,26.1143162318,24,4.1192986808,58.4606855862,N,M,POINT (4489667.082455047 -15410438.427120542),POINT (4489667.082455047 -15410438.427120542)
PA00126876,-79.69079213416752,40.64803647361405,B,42003,42080699977,800961282,Pennsbury Village,Testor Corporation,1159 Palm Hill,Baytown,PA,25696,263,Housing Authority of Brentwood,PA009,Zephyr Investments,Crespi,495,277,60,12,2209,14,3.34,728,289,226860,18329,9276,19.1465127377,24.237031614,21.7934399568,24.035337755,4.038798856,96.1345753366,75.0953295039,50.5828330263,31.2732415072,45.4837113603,41.2849470812,42.8455218931,69.4126683598,19.5253071074,70.6581332597,22,66.4361998015,66.2397854129,N,M,POINT (4524918.721989127 -15343461.224205213),POINT (4524918.721989127 -15343461.224205213)
PA00915218,-80.05189580439473,40.49666802256623,R,42003,42079595129,800295268,North Versailles,779 Seawell Center,3 Perine Drive,Dearborn Heights,PA,12074,483,Housing Authority of Glen Osborne,PA000,Exelon Corporation,Heritage,146,95,177,14,1584,92,2.92,874,488,139401,11715,16275,40.845742604,51.0519778672,1.5006066316,26.4154952489,3.3249851441,90.3057401204,95.4218648776,64.6962036984,58.8458451553,12.9567032756,42.3276418395,7.1846445432,79.5936846773,55.2883725138,84.5959048699,30,34.0456757408,60.0724587135,Y,M,POINT (4508068.463096318 -15572065.341788804),POINT (4508068.463096318 -15572065.341788804)
PA00899950,-79.74008284890716,40.42445867223672,T,42003,42019681691,800461113,Oakmont,376 Selma Cove,710 Varennes Mall,Anaheim,PA,09408,365,Housing Authority of Upper St Clair,PA002,Gap,Fairfax,476,138,464,8,1598,77,1.25,611,314,218550,5128,17980,17.166584621,7.8039349493,9.3279462146,7.9181069728,44.4582674622,91.7503113706,88.7558915888,58.5751038864,89.0537653141,45.0252089246,9.5557511714,3.6017089202,23.3951193514,59.1984013719,92.1826065807,10,0.1306767287,25.6811168245,N,M,POINT (4500030.154987123 -15374194.484890897),POINT (4500030.154987123 -15374194.484890897)
PA00465147,-80.25124936876507,40.489185513013176,R,42003,42001325617,800835488,Moon,5 Russia Pine,1194 Moss Bridge,East St. Louis,PA,56485,340,Housing Authority of Versailles,PA004,Circuit Design,Trader Vic,281,109,385,39,1153,70,1.22,1467,498,69010,7428,7780,32.0859208898,52.571800025,25.9250448129,12.5340781879,24.6491320009,90.0011961034,88.7272970764,53.100421102,87.4176756264,59.4592115952,46.3630883001,28.2327026738,11.2484473854,23.6945757175,47.9730711002,10,31.5194268511,18.4261013908,Y,M,POINT (4507235.513943016 -15701815.049653072),POINT (4507235.513943016 -15701815.049653072)
PA00470546,-80.04973878868752,40.34406732591801,R,42003,42008565982,800038096,Bellevue,Ejecta,1208 Locust Glen,Downey,PA,98579,252,Housing Authority of Chalfant,PA005,Apollo Group,Lathrop,390,397,496,0,1637,21,2.27,309,486,96994,9118,9715,38.9848453863,27.0141412469,6.3394938798,35.1929928035,6.6629331625,99.060697679,96.8325588174,69.099914447,76.0942332549,39.7472569316,25.1502630317,40.1798882724,83.1307355647,39.9307484874,30.1912338427,23,47.7696044014,46.5979884815,Y,M,POINT (4491081.0312507395 -15570675.56681636),POINT (4491081.0312507395 -15570675.56681636)
PA00977043,-79.93840444954814,40.226298402209466,4,42003,42050744289,800850170,Homestead,63 Falmouth Court,27 Peters Junction,Berea,PA,82697,322,Housing Authority of South Versailles,PA005,Strategy Consulting,Gateview 3,296,28,497,22,2224,39,1.96,163,471,110744,9621,15780,1.0316284106,24.5063496985,32.0306682041,29.4966097405,49.968747622,99.9080050683,73.0355796968,89.8082029865,72.5720311773,9.9126351296,35.1723931868,10.0141592697,53.7063273279,63.210801904,29.9399916702,28,0.8694831227,56.9964530519,Y,M,POINT (4477971.0546322325 -15499344.321633056),POINT (4477971.0546322325 -15499344.321633056)
PA00926038,-80.04138176897295,40.62252848053146,B,42003,42066482661,800478708,Mt Lebanon,Lennox International,452 Gorham Bayou,Provo,PA,68743,472,Housing Authority of Baldwin,PA004,Custom Lawn Service,Manseau,349,66,359,48,1881,92,1.03,681,480,93571,11791,7144,47.919357379,47.9019610316,25.6395265656,9.1851186423,33.2931721452,95.7461489816,72.9191564007,98.2376179293,50.4743531175,24.0606435849,39.8940561262,19.2796336116,11.8319749936,42.7071729696,57.8513681774,3,53.3123184756,32.475003921,N,M,POINT (4522079.185188015 -15565293.915869495),POINT (4522079.185188015 -15565293.915869495)
PA00265257,-80.09381390046724,40.53214917322608,R,42003,42073093554,800017960,Franklin Park,1039 Rosemary Ranch,1003 Gabilan Plaza,Lindenwold,PA,61476,300,Housing Authority of Harrison,PA009,Jimmy John's,Lucky,409,22,376,25,1130,5,1.01,188,414,177294,16492,9283,1.5322924957,3.248742027,31.1385885294,5.2144558971,42.5438794795,92.4735626396,90.3871197058,78.0853061892,59.5505927094,47.2475252783,31.1885297741,27.1597587023,10.0130659164,62.6811091933,78.6609432973,11,62.5077752305,19.9281697127,N,M,POINT (4512018.206720532 -15599132.753250131),POINT (4512018.206720532 -15599132.753250131)
PA00914694,-79.69764685744592,40.66146668499487,B,42003,42076971776,800074361,Wilmerding,World Financial Group,399 Bryant Station,Victoria,PA,79643,395,Housing Authority of Mount Oliver,PA006,UTStarcom,St. Paul Street-Calvert,245,103,322,14,1269,13,3.21,1307,288,173552,9554,9549,16.1672128519,67.7219044522,30.099528977,30.6378394832,34.9427891306,98.0145145157,78.4921889752,99.4135828165,4.3967666198,83.6983450395,3.4491375775,25.7261203363,76.4353104609,36.4559918907,20.5179052956,20,67.2376716028,19.6194573521,N,M,POINT (4526413.766281286 -15347726.501075659),POINT (4526413.766281286 -15347726.501075659)
PA00363193,-79.82485829924254,40.43429530339308,R,42003,42028929656,800527351,Mount Oliver,Quality Merchant Services,78 Rizal Junction,Dearborn Heights,PA,62942,275,Housing Authority of Tarentum,PA000,BJ Services Company,Navy,76,122,281,6,888,44,2.34,924,453,221310,11470,7668,2.0270874112,11.7316825654,34.488373968,4.2958172529,1.2355187413,90.4521164358,96.0250812338,68.3783317248,89.0835007244,17.6291726141,18.3650725617,11.0368847492,27.306856893,65.6468928573,32.7995245654,12,42.672566992,44.5334653535,N,M,POINT (4501125.163758571 -15427396.102693018),POINT (4501125.163758571 -15427396.102693018)
PA00493234,-79.81777116588385,40.53756235004779,T,42003,42086529970,800032155,Rankin,1170 South Van Horn Run,846 Cesar Chavez Trace,Bethel Park,PA,05169,133,Housing Authority of Glassport,PA000,Quality Event Planner,Natoma,374,363,61,6,1042,77,2.9,1017,255,95091,14297,13220,25.8262624906,27.371038601,46.3949961181,1.2109651019,44.3590529666,91.2052328613,96.5225402788,97.7945924663,62.2759374061,92.9576985507,33.6648681009,49.1970546687,75.9272228909,60.8645725385,46.9802360237,19,68.8520084312,2.4243583295,Y,M,POINT (4512620.798807899 -15422931.738842063),POINT (4512620.798807899 -15422931.738842063)
PA00724252,-79.84751493900023,40.42476446448278,4,42003,42041580641,800520498,Sewickley,Maxaprofit,563 Cook Stravenue,Stephenville,PA,64035,348,Housing Authority of Upper St Clair,PA008,Rockstar Games,Starr King,422,210,64,22,2672,69,3.41,1304,478,145874,8899,14378,25.8781827942,72.4870595724,3.6540315047,14.6938824908,23.7589858852,96.421238465,76.2966735181,84.9373568092,73.0887085926,82.3042601683,13.6339116946,40.0217791343,97.9325519811,24.951831065,89.1659268523,15,80.9729570479,53.1651855708,Y,M,POINT (4500064.1956242435 -15441688.759241506),POINT (4500064.1956242435 -15441688.759241506)
PA00160589,-79.92743312498918,40.4714610762881,T,42003,42046455253,800910470,Sewickley,BlackRock,196 Storey Circle,Angleton,PA,79240,243,Housing Authority of McKees Rocks,PA005,The Flying Bear,Merritt,308,9,339,12,2810,57,3.45,1303,464,210436,10681,8406,18.0655432365,65.5976365131,13.0284017454,9.3530119315,3.5642542158,96.0143574889,73.4955491484,72.141664658,20.1077419581,3.5276495561,46.9956258822,30.7566805636,21.1593179644,67.282850442,13.6529062761,15,80.1338835133,12.2803434508,Y,M,POINT (4505262.438672183 -15492357.393825686),POINT (4505262.438672183 -15492357.393825686)
PA00777949,-79.89210285528041,40.50670048136225,B,42003,42020451991,800665742,Leet,389 Mabini Drive,1055 Carolina Junction,Napa,PA,11904,428,Housing Authority of Sewickley,PA007,Intel,May,402,383,262,38,1799,33,2.76,212,426,213719,10554,8156,5.1278463967,43.3604199312,9.122198192,22.0743950728,39.2576344062,92.6599479919,74.4611946916,89.09951315,85.7375501281,25.971531745,35.9344289573,0.1763467343,74.2189443125,32.7867178198,24.711316348,18,64.6361053652,30.3811234417,Y,M,POINT (4509185.271300895 -15469908.896504296),POINT (4509185.271300895 -15469908.896504296)
PA00354304,-80.0699777471326,40.62412927059718,4,42003,42050748058,800874283,Dormont,American Express,556 Wabash Path,Nashville,PA,59023,150,Housing Authority of Whitehall,PA002,Novell,Grant,87,463,457,35,2027,4,2.06,1472,312,245416,19379,5907,22.7879555833,40.90739547,3.9764458841,3.5466960171,20.5351188362,90.8848310105,72.5068751173,55.7506994643,40.5212857632,49.9079004597,44.077570431,39.3631576578,11.077886728,71.6017596003,37.8996361862,9,63.032573533,68.8594874721,N,M,POINT (4522257.384322998 -15583727.364756793),POINT (4522257.384322998 -15583727.364756793)
PA00721340,-79.8002331606021,40.6574673407376,4,42003,42035541122,800296597,Sewickley,439 Eve Grove,612 Mclaren Motorway,Monterey,PA,24103,280,Housing Authority of Sharpsburg,PA004,Gatorade,Flint,442,290,230,39,2292,85,2.08,1490,212,126116,18855,16324,14.0483944262,18.9826482211,3.2783325672,12.0716209232,48.914799656,93.1184864682,89.6864111583,77.2449215764,58.0362716555,67.1675265136,6.670387529,17.8656964624,95.1953705535,20.5359444462,27.6090089367,10,35.2572543116,15.3431496019,Y,M,POINT (4525968.56131506 -15411897.31194757),POINT (4525968.56131506 -15411897.31194757)
PA00878273,-79.79961466388828,40.504289708185894,4,42003,42065742444,800010884,Wilmerding,Aon Corporation,1246 Pierpoint Turnpike,Oswego,PA,76903,90,Housing Authority of Robinson,PA007,American Apparel,Dearborn,488,117,498,31,2782,37,3.41,1165,444,142077,3199,8918,32.1364706525,25.369470038,21.2947338408,24.6442435245,42.4032129061,98.3603905785,86.7988130351,93.7996376115,95.3891834655,41.4955080999,44.4255141402,16.3729778575,56.4460661153,55.8790083403,69.1563695761,25,78.7957499875,54.5243611375,N,M,POINT (4508916.905258485 -15411508.51373164),POINT (4508916.905258485 -15411508.51373164)
PA00087035,-79.82728130965009,40.61452331402839,B,42003,42095547017,800581076,East Deer,Alladin Realty,580 Middle Point Green,Faribault,PA,86705,450,Housing Authority of Shaler,PA009,Quest Software,Shields,392,136,196,37,2893,52,2.58,572,372,165886,776,10082,32.5714208573,21.9370497785,21.0936614734,18.8732063328,34.8630166154,90.0694566562,77.7908273485,57.1061108928,24.2011438257,80.3840006235,10.8941871214,13.2228726473,47.2736502421,57.0430664593,91.2882405543,14,16.1202334876,33.6102063815,Y,M,POINT (4521188.054129179 -15428923.123785812),POINT (4521188.054129179 -15428923.123785812)
PA00152767,-80.07763229539871,40.56783170991532,4,42003,42064955508,800052915,Coraopolis,809 Ashburton Green,872 Amherst Landing,West Memphis,PA,24640,302,Housing Authority of Churchill,PA005,Exact Realty,Transbay Loop,151,141,25,38,2138,21,1.41,779,291,118357,8239,10659,16.8532869115,27.4430223713,44.8370809802,38.1551825693,7.2971434409,98.2637949334,98.2665005082,97.5837667752,49.8218144634,12.1999859108,32.4512602155,39.8534428085,96.2079422222,21.5640085056,28.9160031828,11,74.1604544963,14.7764241063,Y,M,POINT (4515990.36853499 -15588670.531663418),POINT (4515990.36853499 -15588670.531663418)
PA00525166,-80.0672808408141,40.53277389180228,R,42003,42097581899,800675913,Kennedy,United Airlines,355 Balceta Expressway,Mountain Brook,PA,48277,441,Housing Authority of Millvale,PA003,Stratapro,Hollywood,241,284,89,28,1689,46,2.6,1366,364,209530,4864,11642,18.7913934789,62.9460760108,23.4786355594,8.4154777197,16.5949660519,93.9029953886,95.5554477552,74.8992155722,53.0503367475,94.1627601948,44.6191471679,1.1035640812,64.182498969,60.3021220566,37.6813654171,16,88.8427107132,49.7874957641,Y,M,POINT (4512087.750074323 -15581986.65072453),POINT (4512087.750074323 -15581986.65072453)
PA00387774,-79.97880010118695,40.41211624510364,R,42003,42093026481,800551709,Ingram,740 Lancaster Trail,680 Sagamore Hill,Porterville,PA,90490,297,Housing Authority of Stowe,PA005,Rite Aid Corporation,Ambrose Bierce,191,102,440,22,1504,66,2.74,224,287,159392,5078,10358,22.779157526,45.9962206201,18.7232450782,4.5793230935,38.5392114451,95.337561361,76.5975377081,94.7066130473,28.3697561881,16.1712972278,48.8817331482,21.0587014845,63.5190527475,60.6141254709,89.904962494,12,94.2310003183,7.7099214758,N,M,POINT (4498656.202283516 -15525134.85618325),POINT (4498656.202283516 -15525134.85618325)
PA00855860,-79.7626380761907,40.510319466694135,R,42003,42022975419,800812835,Ben Avon,Apollo Group,1308 Noe Route,Memphis,PA,85777,419,Housing Authority of Fawn,PA005,Pacific Gas & Electric Company,Lafayette,498,76,94,37,2085,57,1.85,843,464,143538,14181,9320,12.3746333795,72.0302402512,48.3865134011,17.0390763113,33.5352947662,90.2296937636,78.2931469368,64.1061193114,31.6166024375,6.9525450951,43.9133373863,9.2200753521,95.6693930175,56.5316968851,84.2780100283,1,0.1042706223,52.0010009186,N,M,POINT (4509588.134905229 -15388306.641401686),POINT (4509588.134905229 -15388306.641401686)
PA00786083,-79.98678688944459,40.456097558989875,T,42003,42087147439,800101284,Dravosburg,NetDNA,1208 Rosie Lee Annex,Ruston,PA,97459,324,Housing Authority of Forward,PA008,ConocoPhillips,Custer,182,431,426,43,2724,88,1.77,1079,481,192428,7611,16334,1.3165879614,62.0440008274,43.8498355528,8.1745029432,31.0446875096,95.6906445926,90.267883732,55.6980066849,81.3737652899,93.061935022,21.0064443801,28.8151257708,62.4695748512,11.5246214996,32.5626590874,10,67.5738509053,10.7948013107,Y,M,POINT (4503552.1797497505 -15530246.18896806),POINT (4503552.1797497505 -15530246.18896806)
